id_cust_loc,id_customer,id_location
1,AA-10315,40
2,AA-10315,10
3,AA-10315,35
4,AA-10315,218
5,AA-10315,165
6,AA-10375,155
7,AA-10375,199
8,AA-10375,142
9,AA-10375,161
10,AA-10375,149
11,AA-10375,350
12,AA-10375,560
13,AA-10375,46
14,AA-10375,260
15,AA-10480,5
16,AA-10480,265
17,AA-10480,335
18,AA-10480,152
19,AA-10645,182
20,AA-10645,10
21,AA-10645,522
22,AA-10645,189
23,AA-10645,112
24,AA-10645,337
25,AB-10015,6
26,AB-10015,175
27,AB-10015,337
28,AB-10060,30
29,AB-10060,209
30,AB-10060,181
31,AB-10060,106
32,AB-10060,26
33,AB-10060,120
34,AB-10060,60
35,AB-10060,468
36,AB-10105,52
37,AB-10105,1
38,AB-10105,436
39,AB-10105,305
40,AB-10105,41
41,AB-10105,165
42,AB-10105,186
43,AB-10105,17
44,AB-10105,51
45,AB-10150,256
46,AB-10150,297
47,AB-10150,313
48,AB-10150,78
49,AB-10150,232
50,AB-10165,2
51,AB-10165,214
52,AB-10165,293
53,AB-10165,63
54,AB-10165,68
55,AB-10165,560
56,AB-10165,128
57,AB-10165,469
58,AB-10255,204
59,AB-10255,303
60,AB-10255,65
61,AB-10255,64
62,AB-10255,130
63,AB-10255,2
64,AB-10255,6
65,AB-10255,30
66,AB-10255,142
67,AB-10600,116
68,AB-10600,37
69,AB-10600,26
70,AB-10600,223
71,AC-10420,35
72,AC-10420,17
73,AC-10420,75
74,AC-10450,40
75,AC-10450,165
76,AC-10450,300
77,AC-10450,60
78,AC-10450,119
79,AC-10450,510
80,AC-10450,86
81,AC-10615,30
82,AC-10615,145
83,AC-10615,61
84,AC-10615,106
85,AC-10615,582
86,AC-10660,144
87,AC-10660,272
88,AC-10660,10
89,AC-10660,453
90,AD-10180,17
91,AD-10180,151
92,AD-10180,46
93,AD-10180,75
94,AD-10180,232
95,AD-10180,70
96,AD-10180,35
97,AD-10180,64
98,AF-10870,358
99,AF-10870,388
100,AF-10870,27
101,AF-10870,241
102,AF-10870,10
103,AF-10870,625
104,AF-10885,176
105,AF-10885,214
106,AF-10885,324
107,AF-10885,64
108,AG-10270,9
109,AG-10270,75
110,AG-10270,199
111,AG-10270,165
112,AG-10270,129
113,AG-10300,14
114,AG-10300,35
115,AG-10300,118
116,AG-10300,122
117,AG-10330,353
118,AG-10330,313
119,AG-10330,15
120,AG-10330,155
121,AG-10330,44
122,AG-10390,94
123,AG-10390,366
124,AG-10390,30
125,AG-10390,26
126,AG-10390,102
127,AG-10495,12
128,AG-10495,60
129,AG-10495,346
130,AG-10495,17
131,AG-10495,213
132,AG-10495,14
133,AG-10495,152
134,AG-10495,105
135,AG-10525,105
136,AG-10525,15
137,AG-10525,165
138,AG-10525,196
139,AG-10675,67
140,AG-10675,223
141,AG-10675,294
142,AG-10675,113
143,AG-10675,202
144,AG-10675,5
145,AG-10675,271
146,AG-10765,75
147,AG-10765,498
148,AG-10765,37
149,AG-10765,453
150,AG-10900,116
151,AG-10900,142
152,AG-10900,189
153,AG-10900,506
154,AG-10900,196
155,AG-10900,163
156,AG-10900,37
157,AG-10900,64
158,AG-10900,425
159,AG-10900,250
160,AH-10030,64
161,AH-10030,253
162,AH-10030,26
163,AH-10030,10
164,AH-10030,25
165,AH-10030,46
166,AH-10030,35
167,AH-10075,165
168,AH-10075,149
169,AH-10075,321
170,AH-10075,126
171,AH-10075,366
172,AH-10075,182
173,AH-10075,48
174,AH-10075,175
175,AH-10075,482
176,AH-10075,2
177,AH-10120,116
178,AH-10120,95
179,AH-10120,161
180,AH-10120,163
181,AH-10120,176
182,AH-10120,67
183,AH-10120,174
184,AH-10195,97
185,AH-10195,37
186,AH-10195,530
187,AH-10195,24
188,AH-10210,91
189,AH-10210,60
190,AH-10210,396
191,AH-10210,35
192,AH-10210,159
193,AH-10210,24
194,AH-10210,78
195,AH-10210,176
196,AH-10210,1
197,AH-10465,46
198,AH-10465,163
199,AH-10465,10
200,AH-10465,558
201,AH-10465,34
202,AH-10585,37
203,AH-10585,60
204,AH-10585,230
205,AH-10690,24
206,AH-10690,454
207,AH-10690,143
208,AH-10690,29
209,AH-10690,237
210,AH-10690,15
211,AH-10690,78
212,AH-10690,186
213,AH-10690,142
214,AH-10690,35
215,AH-10690,221
216,AH-10690,613
217,AI-10855,75
218,AI-10855,338
219,AI-10855,2
220,AI-10855,299
221,AI-10855,277
222,AI-10855,46
223,AI-10855,91
224,AI-10855,35
225,AI-10855,53
226,AJ-10780,29
227,AJ-10780,184
228,AJ-10780,58
229,AJ-10780,568
230,AJ-10780,309
231,AJ-10780,204
232,AJ-10780,26
233,AJ-10795,105
234,AJ-10795,134
235,AJ-10795,61
236,AJ-10795,95
237,AJ-10795,24
238,AJ-10795,431
239,AJ-10795,29
240,AJ-10945,125
241,AJ-10945,453
242,AJ-10945,100
243,AJ-10945,84
244,AJ-10945,95
245,AJ-10945,63
246,AJ-10945,524
247,AJ-10960,145
248,AJ-10960,89
249,AJ-10960,46
250,AM-10360,71
251,AM-10360,4
252,AM-10360,199
253,AM-10360,142
254,AM-10360,178
255,AM-10705,342
256,AM-10705,26
257,AM-10705,482
258,AM-10705,61
259,AM-10705,562
260,AM-10705,271
261,AM-10705,223
262,AM-10705,122
263,AO-10810,63
264,AP-10720,46
265,AP-10720,257
266,AP-10720,382
267,AP-10720,407
268,AP-10720,12
269,AP-10720,165
270,AP-10720,3
271,AP-10720,4
272,AP-10915,184
273,AP-10915,63
274,AP-10915,60
275,AP-10915,377
276,AP-10915,456
277,AP-10915,113
278,AP-10915,1
279,AP-10915,142
280,AP-10915,77
281,AR-10345,129
282,AR-10345,33
283,AR-10345,106
284,AR-10345,111
285,AR-10405,118
286,AR-10405,46
287,AR-10405,2
288,AR-10405,502
289,AR-10405,191
290,AR-10510,64
291,AR-10510,26
292,AR-10510,313
293,AR-10510,24
294,AR-10510,48
295,AR-10540,24
296,AR-10540,360
297,AR-10540,470
298,AR-10540,10
299,AR-10540,31
300,AR-10540,26
301,AR-10570,113
302,AR-10825,173
303,AR-10825,111
304,AR-10825,26
305,AR-10825,256
306,AR-10825,48
307,AR-10825,138
308,AR-10825,6
309,AR-10825,30
310,AS-10045,223
311,AS-10045,102
312,AS-10045,111
313,AS-10045,55
314,AS-10045,46
315,AS-10045,314
316,AS-10045,95
317,AS-10090,327
318,AS-10090,335
319,AS-10090,106
320,AS-10090,165
321,AS-10090,156
322,AS-10090,275
323,AS-10090,89
324,AS-10090,46
325,AS-10135,46
326,AS-10135,312
327,AS-10225,24
328,AS-10225,154
329,AS-10225,268
330,AS-10225,10
331,AS-10225,594
332,AS-10240,86
333,AS-10240,178
334,AS-10240,14
335,AS-10240,29
336,AS-10240,415
337,AS-10240,75
338,AS-10240,12
339,AS-10285,10
340,AS-10285,6
341,AS-10285,64
342,AS-10285,567
343,AS-10285,177
344,AS-10285,421
345,AS-10630,90
346,AS-10630,252
347,AS-10630,75
348,AS-10630,95
349,AS-10630,176
350,AS-10630,6
351,AS-10630,366
352,AT-10435,26
353,AT-10435,63
354,AT-10435,317
355,AT-10435,97
356,AT-10435,76
357,AT-10735,61
358,AT-10735,156
359,AT-10735,353
360,AT-10735,396
361,AT-10735,30
362,AT-10735,93
363,AT-10735,24
364,AT-10735,320
365,AT-10735,14
366,AT-10735,17
367,AW-10840,294
368,AW-10840,12
369,AW-10840,215
370,AW-10840,411
371,AW-10930,174
372,AW-10930,337
373,AW-10930,95
374,AW-10930,106
375,AW-10930,525
376,AW-10930,33
377,AW-10930,40
378,AY-10555,219
379,AY-10555,14
380,AY-10555,12
381,AY-10555,95
382,AZ-10750,30
383,AZ-10750,163
384,AZ-10750,24
385,AZ-10750,142
386,AZ-10750,89
387,AZ-10750,400
388,BB-10990,96
389,BB-10990,172
390,BB-10990,214
391,BB-10990,2
392,BB-10990,66
393,BB-11545,33
394,BB-11545,37
395,BB-11545,276
396,BB-11545,233
397,BB-11545,3
398,BB-11545,31
399,BB-11545,210
400,BB-11545,7
401,BB-11545,586
402,BC-11125,346
403,BC-11125,10
404,BC-11125,165
405,BC-11125,457
406,BC-11125,581
407,BC-11125,288
408,BC-11125,25
409,BC-11125,35
410,BC-11125,64
411,BD-11320,95
412,BD-11320,260
413,BD-11320,313
414,BD-11320,106
415,BD-11320,143
416,BD-11320,63
417,BD-11320,6
418,BD-11320,40
419,BD-11320,84
420,BD-11320,26
421,BD-11320,434
422,BD-11500,157
423,BD-11500,196
424,BD-11500,35
425,BD-11500,113
426,BD-11500,156
427,BD-11500,390
428,BD-11560,254
429,BD-11560,29
430,BD-11605,129
431,BD-11605,124
432,BD-11605,29
433,BD-11605,69
434,BD-11605,10
435,BD-11605,208
436,BD-11605,35
437,BD-11620,35
438,BD-11620,159
439,BD-11620,497
440,BD-11620,46
441,BD-11620,75
442,BD-11620,125
443,BD-11635,318
444,BD-11635,48
445,BD-11635,30
446,BD-11725,127
447,BD-11725,56
448,BD-11725,35
449,BD-11725,4
450,BD-11725,300
451,BD-11725,113
452,BD-11770,33
453,BD-11770,165
454,BD-11770,106
455,BD-11770,24
456,BD-11770,75
457,BD-11770,200
458,BE-11335,31
459,BE-11335,35
460,BE-11335,499
461,BE-11335,17
462,BE-11335,30
463,BE-11410,404
464,BE-11410,329
465,BE-11410,292
466,BE-11410,138
467,BE-11410,174
468,BE-11455,311
469,BE-11455,204
470,BE-11455,260
471,BE-11455,194
472,BE-11455,335
473,BE-11455,178
474,BF-10975,44
475,BF-10975,307
476,BF-10975,135
477,BF-10975,237
478,BF-10975,276
479,BF-10975,30
480,BF-10975,75
481,BF-11005,55
482,BF-11005,26
483,BF-11005,43
484,BF-11005,90
485,BF-11020,157
486,BF-11020,174
487,BF-11020,4
488,BF-11020,134
489,BF-11020,175
490,BF-11020,60
491,BF-11020,591
492,BF-11020,24
493,BF-11080,309
494,BF-11080,154
495,BF-11080,24
496,BF-11170,2
497,BF-11170,177
498,BF-11170,315
499,BF-11170,10
500,BF-11170,63
501,BF-11170,223
502,BF-11170,309
503,BF-11170,380
504,BF-11170,37
505,BF-11170,129
506,BF-11170,149
507,BF-11215,384
508,BF-11215,40
509,BF-11215,46
510,BF-11215,163
511,BF-11275,116
512,BF-11275,329
513,BF-11275,113
514,BG-11035,69
515,BG-11035,111
516,BG-11035,308
517,BG-11035,32
518,BG-11035,396
519,BG-11035,486
520,BG-11035,29
521,BG-11035,498
522,BG-11695,94
523,BG-11695,128
524,BG-11695,398
525,BG-11695,291
526,BG-11695,30
527,BG-11695,592
528,BG-11740,75
529,BG-11740,189
530,BG-11740,33
531,BG-11740,142
532,BG-11740,573
533,BG-11740,411
534,BH-11710,4
535,BH-11710,12
536,BH-11710,286
537,BH-11710,341
538,BH-11710,187
539,BH-11710,592
540,BH-11710,502
541,BH-11710,156
542,BK-11260,46
543,BK-11260,343
544,BK-11260,95
545,BK-11260,27
546,BK-11260,201
547,BM-11140,66
548,BM-11140,24
549,BM-11140,538
550,BM-11140,120
551,BM-11575,46
552,BM-11575,518
553,BM-11575,580
554,BM-11575,63
555,BM-11575,156
556,BM-11650,46
557,BM-11650,202
558,BM-11650,30
559,BM-11650,135
560,BM-11650,199
561,BM-11650,210
562,BM-11650,89
563,BM-11650,163
564,BM-11650,404
565,BM-11650,542
566,BM-11650,611
567,BM-11785,48
568,BM-11785,67
569,BM-11785,145
570,BM-11785,263
571,BM-11785,61
572,BM-11785,161
573,BM-11785,246
574,BM-11785,547
575,BM-11785,106
576,BN-11470,183
577,BN-11470,106
578,BN-11470,91
579,BN-11470,37
580,BN-11515,14
581,BN-11515,88
582,BN-11515,165
583,BN-11515,30
584,BN-11515,6
585,BO-11350,63
586,BO-11350,531
587,BO-11350,64
588,BO-11350,189
589,BO-11350,474
590,BO-11425,127
591,BO-11425,24
592,BP-11050,482
593,BP-11050,171
594,BP-11050,37
595,BP-11050,142
596,BP-11095,121
597,BP-11095,35
598,BP-11095,128
599,BP-11095,129
600,BP-11095,295
601,BP-11095,24
602,BP-11095,223
603,BP-11095,124
604,BP-11095,570
605,BP-11095,14
606,BP-11095,142
607,BP-11155,113
608,BP-11155,165
609,BP-11155,208
610,BP-11155,10
611,BP-11155,336
612,BP-11155,142
613,BP-11185,103
614,BP-11185,89
615,BP-11185,37
616,BP-11185,250
617,BP-11185,6
618,BP-11185,159
619,BP-11185,106
620,BP-11185,75
621,BP-11185,177
622,BP-11230,322
623,BP-11230,413
624,BP-11230,474
625,BP-11230,26
626,BP-11230,63
627,BP-11290,190
628,BP-11290,2
629,BP-11290,5
630,BP-11290,12
631,BP-11290,48
632,BP-11290,68
633,BP-11290,142
634,BS-11365,165
635,BS-11365,101
636,BS-11365,337
637,BS-11365,60
638,BS-11365,113
639,BS-11380,302
640,BS-11380,35
641,BS-11380,165
642,BS-11380,77
643,BS-11380,393
644,BS-11590,28
645,BS-11590,135
646,BS-11590,165
647,BS-11590,12
648,BS-11590,48
649,BS-11590,176
650,BS-11665,106
651,BS-11665,189
652,BS-11665,37
653,BS-11755,77
654,BS-11755,178
655,BS-11755,4
656,BS-11755,35
657,BS-11755,200
658,BS-11755,106
659,BS-11755,84
660,BS-11800,165
661,BS-11800,89
662,BT-11305,147
663,BT-11305,6
664,BT-11305,60
665,BT-11305,471
666,BT-11305,493
667,BT-11395,84
668,BT-11395,10
669,BT-11395,461
670,BT-11395,2
671,BT-11395,592
672,BT-11395,26
673,BT-11440,370
674,BT-11440,529
675,BT-11440,46
676,BT-11440,84
677,BT-11485,235
678,BT-11485,12
679,BT-11530,2
680,BT-11530,89
681,BT-11530,178
682,BT-11530,24
683,BT-11530,14
684,BT-11680,56
685,BT-11680,3
686,BT-11680,235
687,BT-11680,67
688,BT-11680,35
689,BT-11680,17
690,BT-11680,546
691,BV-11245,194
692,BV-11245,230
693,BV-11245,6
694,BV-11245,188
695,BV-11245,298
696,BW-11065,315
697,BW-11065,75
698,BW-11065,46
699,BW-11110,202
700,BW-11110,186
701,BW-11110,33
702,BW-11110,322
703,BW-11110,24
704,BW-11110,189
705,BW-11110,308
706,BW-11200,252
707,BW-11200,4
708,BW-11200,498
709,BW-11200,302
710,BW-11200,35
711,BW-11200,165
712,CA-11965,406
713,CA-11965,484
714,CA-11965,123
715,CA-11965,2
716,CA-11965,347
717,CA-11965,601
718,CA-12055,33
719,CA-12055,2
720,CA-12055,67
721,CA-12055,178
722,CA-12055,30
723,CA-12265,27
724,CA-12265,268
725,CA-12265,29
726,CA-12265,215
727,CA-12265,50
728,CA-12265,527
729,CA-12265,429
730,CA-12265,95
731,CA-12265,24
732,CA-12310,94
733,CA-12310,320
734,CA-12310,159
735,CA-12310,66
736,CA-12775,86
737,CA-12775,12
738,CA-12775,155
739,CA-12775,298
740,CA-12775,186
741,CA-12775,276
742,CB-12025,73
743,CB-12025,175
744,CB-12025,64
745,CB-12025,95
746,CB-12025,539
747,CB-12025,527
748,CB-12025,14
749,CB-12025,34
750,CB-12025,196
751,CB-12025,621
752,CB-12415,48
753,CB-12415,64
754,CB-12415,30
755,CB-12415,156
756,CB-12415,27
757,CB-12415,256
758,CB-12415,2
759,CB-12415,347
760,CB-12535,92
761,CB-12535,244
762,CB-12535,95
763,CB-12535,118
764,CB-12535,286
765,CB-12535,373
766,CB-12535,588
767,CB-12535,371
768,CC-12100,135
769,CC-12100,14
770,CC-12100,152
771,CC-12100,75
772,CC-12100,63
773,CC-12100,178
774,CC-12145,26
775,CC-12145,6
776,CC-12145,14
777,CC-12145,295
778,CC-12145,337
779,CC-12145,189
780,CC-12145,15
781,CC-12220,242
782,CC-12220,70
783,CC-12220,60
784,CC-12220,66
785,CC-12220,106
786,CC-12220,554
787,CC-12220,24
788,CC-12220,6
789,CC-12220,4
790,CC-12220,338
791,CC-12220,156
792,CC-12220,280
793,CC-12370,307
794,CC-12370,63
795,CC-12370,75
796,CC-12370,165
797,CC-12370,33
798,CC-12430,135
799,CC-12430,209
800,CC-12430,35
801,CC-12430,106
802,CC-12430,40
803,CC-12430,24
804,CC-12430,10
805,CC-12430,469
806,CC-12430,30
807,CC-12430,487
808,CC-12475,24
809,CC-12475,106
810,CC-12475,351
811,CC-12475,101
812,CC-12475,4
813,CC-12475,309
814,CC-12475,33
815,CC-12475,35
816,CC-12475,89
817,CC-12550,35
818,CC-12550,142
819,CC-12550,303
820,CC-12610,64
821,CC-12610,17
822,CC-12610,29
823,CC-12610,48
824,CC-12610,36
825,CC-12610,77
826,CC-12610,396
827,CC-12670,30
828,CC-12670,27
829,CC-12670,58
830,CC-12670,464
831,CC-12670,4
832,CC-12670,6
833,CC-12670,86
834,CC-12685,308
835,CC-12685,165
836,CC-12685,1
837,CC-12685,339
838,CD-11920,198
839,CD-11920,46
840,CD-11920,24
841,CD-11920,478
842,CD-11920,219
843,CD-11980,179
844,CD-11980,326
845,CD-11980,165
846,CD-12280,60
847,CD-12280,24
848,CD-12790,89
849,CD-12790,337
850,CD-12790,2
851,CD-12790,521
852,CD-12790,604
853,CG-12040,75
854,CG-12040,24
855,CG-12040,49
856,CG-12040,202
857,CG-12040,560
858,CG-12040,63
859,CG-12520,1
860,CG-12520,33
861,CG-12520,163
862,CH-12070,315
863,CH-12070,106
864,CH-12070,84
865,CJ-11875,12
866,CJ-12010,126
867,CJ-12010,285
868,CJ-12010,256
869,CJ-12010,30
870,CJ-12010,64
871,CJ-12010,10
872,CJ-12010,134
873,CJ-12010,33
874,CK-12205,75
875,CK-12205,48
876,CK-12205,420
877,CK-12205,290
878,CK-12205,87
879,CK-12205,332
880,CK-12205,571
881,CK-12205,347
882,CK-12205,479
883,CK-12205,177
884,CK-12205,589
885,CK-12325,13
886,CK-12325,338
887,CK-12325,6
888,CK-12325,402
889,CK-12325,413
890,CK-12595,164
891,CK-12595,64
892,CK-12595,142
893,CK-12595,143
894,CK-12595,24
895,CK-12595,156
896,CK-12595,4
897,CK-12595,511
898,CK-12595,367
899,CK-12595,260
900,CK-12595,44
901,CK-12760,205
902,CK-12760,35
903,CK-12760,174
904,CK-12760,134
905,CK-12760,102
906,CK-12760,165
907,CK-12760,256
908,CK-12760,396
909,CK-12760,277
910,CL-11890,290
911,CL-11890,37
912,CL-11890,106
913,CL-11890,35
914,CL-12565,47
915,CL-12565,195
916,CL-12565,38
917,CL-12565,178
918,CL-12565,61
919,CL-12565,26
920,CL-12565,30
921,CL-12565,313
922,CL-12565,14
923,CL-12565,428
924,CL-12565,333
925,CL-12565,256
926,CL-12700,335
927,CL-12700,98
928,CL-12700,43
929,CL-12700,30
930,CL-12700,203
931,CM-11815,90
932,CM-11815,295
933,CM-11815,61
934,CM-11815,10
935,CM-11815,52
936,CM-11935,307
937,CM-11935,116
938,CM-12115,165
939,CM-12115,24
940,CM-12115,10
941,CM-12115,142
942,CM-12160,231
943,CM-12160,64
944,CM-12160,35
945,CM-12160,309
946,CM-12160,106
947,CM-12160,274
948,CM-12190,64
949,CM-12190,37
950,CM-12190,26
951,CM-12190,189
952,CM-12190,551
953,CM-12190,39
954,CM-12235,297
955,CM-12235,367
956,CM-12235,291
957,CM-12235,52
958,CM-12235,202
959,CM-12385,149
960,CM-12385,389
961,CM-12385,27
962,CM-12385,95
963,CM-12445,35
964,CM-12445,72
965,CM-12445,15
966,CM-12655,142
967,CM-12655,130
968,CM-12655,46
969,CM-12655,61
970,CM-12655,165
971,CM-12655,17
972,CM-12715,144
973,CM-12715,12
974,CM-12715,33
975,CM-12715,6
976,Co-12640,106
977,Co-12640,330
978,Co-12640,302
979,Co-12640,60
980,Co-12640,497
981,CP-12085,212
982,CP-12085,117
983,CP-12085,347
984,CP-12085,24
985,CP-12085,116
986,CP-12085,335
987,CP-12085,473
988,CP-12085,573
989,CP-12340,30
990,CP-12340,61
991,CP-12340,24
992,CP-12340,134
993,CP-12340,123
994,CP-12340,230
995,CP-12340,506
996,CP-12340,14
997,CR-12580,387
998,CR-12580,30
999,CR-12580,293
1000,CR-12580,89
1001,CR-12625,101
1002,CR-12625,438
1003,CR-12625,113
1004,CR-12730,48
1005,CR-12730,27
1006,CR-12730,30
1007,CR-12820,46
1008,CR-12820,583
1009,CR-12820,17
1010,CS-11845,60
1011,CS-11845,33
1012,CS-11845,6
1013,CS-11845,37
1014,CS-11860,223
1015,CS-11860,165
1016,CS-11860,24
1017,CS-11860,153
1018,CS-11860,78
1019,CS-11860,324
1020,CS-11950,27
1021,CS-11950,61
1022,CS-11950,12
1023,CS-11950,64
1024,CS-11950,24
1025,CS-11950,266
1026,CS-11950,55
1027,CS-11950,130
1028,CS-11950,63
1029,CS-12130,26
1030,CS-12130,111
1031,CS-12130,60
1032,CS-12130,403
1033,CS-12175,85
1034,CS-12175,480
1035,CS-12175,35
1036,CS-12175,101
1037,CS-12175,429
1038,CS-12250,193
1039,CS-12250,399
1040,CS-12250,4
1041,CS-12250,38
1042,CS-12250,533
1043,CS-12250,189
1044,CS-12250,6
1045,CS-12250,24
1046,CS-12250,37
1047,CS-12250,143
1048,CS-12250,157
1049,CS-12355,237
1050,CS-12355,256
1051,CS-12355,271
1052,CS-12355,382
1053,CS-12355,24
1054,CS-12355,300
1055,CS-12355,61
1056,CS-12355,107
1057,CS-12355,83
1058,CS-12355,70
1059,CS-12355,476
1060,CS-12400,37
1061,CS-12400,86
1062,CS-12400,61
1063,CS-12400,59
1064,CS-12400,63
1065,CS-12400,491
1066,CS-12400,64
1067,CS-12400,10
1068,CS-12460,113
1069,CS-12460,30
1070,CS-12490,444
1071,CS-12490,153
1072,CS-12490,30
1073,CS-12490,214
1074,CS-12505,279
1075,CS-12505,113
1076,CS-12505,35
1077,CS-12505,2
1078,CS-12505,404
1079,CS-12505,283
1080,CT-11995,39
1081,CT-11995,305
1082,CT-11995,64
1083,CT-11995,26
1084,CT-11995,422
1085,CT-11995,116
1086,CT-11995,129
1087,CT-11995,275
1088,CV-12295,254
1089,CV-12295,156
1090,CV-12295,165
1091,CV-12295,152
1092,CV-12295,194
1093,CV-12805,46
1094,CV-12805,24
1095,CV-12805,95
1096,CV-12805,7
1097,CV-12805,63
1098,CV-12805,75
1099,CV-12805,11
1100,CV-12805,233
1101,CV-12805,111
1102,CW-11905,144
1103,CW-11905,345
1104,CW-11905,26
1105,CW-11905,256
1106,CW-11905,482
1107,CW-11905,286
1108,CY-12745,233
1109,CY-12745,66
1110,CY-12745,85
1111,CY-12745,69
1112,CY-12745,28
1113,CY-12745,27
1114,CY-12745,95
1115,CY-12745,158
1116,DA-13450,15
1117,DA-13450,226
1118,DA-13450,221
1119,DA-13450,404
1120,DB-12910,86
1121,DB-12910,3
1122,DB-12910,113
1123,DB-12910,1
1124,DB-12910,78
1125,DB-12910,206
1126,DB-12910,548
1127,DB-12970,26
1128,DB-12970,67
1129,DB-12970,46
1130,DB-12970,24
1131,DB-12970,63
1132,DB-13060,61
1133,DB-13060,112
1134,DB-13060,156
1135,DB-13060,101
1136,DB-13060,85
1137,DB-13060,302
1138,DB-13060,147
1139,DB-13120,87
1140,DB-13120,145
1141,DB-13120,35
1142,DB-13120,86
1143,DB-13120,369
1144,DB-13120,538
1145,DB-13120,163
1146,DB-13210,17
1147,DB-13210,12
1148,DB-13210,336
1149,DB-13210,223
1150,DB-13210,449
1151,DB-13210,152
1152,DB-13210,455
1153,DB-13210,10
1154,DB-13210,64
1155,DB-13270,143
1156,DB-13270,91
1157,DB-13270,111
1158,DB-13270,30
1159,DB-13270,41
1160,DB-13270,260
1161,DB-13270,177
1162,DB-13270,64
1163,DB-13360,30
1164,DB-13360,506
1165,DB-13360,364
1166,DB-13360,347
1167,DB-13360,216
1168,DB-13405,242
1169,DB-13405,165
1170,DB-13405,416
1171,DB-13405,129
1172,DB-13555,134
1173,DB-13555,83
1174,DB-13555,7
1175,DB-13555,146
1176,DB-13555,286
1177,DB-13555,315
1178,DB-13555,1
1179,DB-13615,63
1180,DB-13615,197
1181,DB-13615,60
1182,DB-13615,95
1183,DB-13615,44
1184,DB-13615,116
1185,DB-13615,10
1186,DB-13660,188
1187,DB-13660,177
1188,DB-13660,15
1189,DB-13660,286
1190,DB-13660,404
1191,DB-13660,2
1192,DB-13660,265
1193,DC-12850,257
1194,DC-12850,67
1195,DC-12850,165
1196,DC-12850,329
1197,DC-12850,175
1198,DC-12850,452
1199,DC-12850,32
1200,DC-12850,528
1201,DC-12850,178
1202,DC-13285,192
1203,DC-13285,95
1204,DC-13285,167
1205,DC-13285,196
1206,DC-13285,454
1207,DD-13570,17
1208,DD-13570,213
1209,DD-13570,27
1210,DD-13570,64
1211,DD-13570,14
1212,DD-13570,32
1213,DE-13255,158
1214,DE-13255,446
1215,DE-13255,347
1216,DE-13255,26
1217,DE-13255,142
1218,DF-13135,168
1219,DF-13135,30
1220,DF-13135,229
1221,DG-13300,64
1222,DG-13300,46
1223,DG-13300,60
1224,DG-13300,417
1225,DG-13300,77
1226,DH-13075,127
1227,DH-13075,34
1228,DH-13075,15
1229,DH-13075,262
1230,DH-13075,63
1231,DH-13075,46
1232,DH-13675,360
1233,DH-13675,35
1234,DH-13675,124
1235,DH-13675,246
1236,DJ-13420,167
1237,DJ-13420,10
1238,DJ-13420,202
1239,DJ-13420,95
1240,DJ-13510,109
1241,DJ-13510,367
1242,DJ-13510,89
1243,DJ-13510,12
1244,DJ-13510,470
1245,DJ-13510,95
1246,DJ-13510,287
1247,DJ-13510,24
1248,DJ-13630,24
1249,DJ-13630,30
1250,DJ-13630,41
1251,DK-12835,206
1252,DK-12835,152
1253,DK-12835,106
1254,DK-12835,331
1255,DK-12835,79
1256,DK-12835,29
1257,DK-12835,53
1258,DK-12835,15
1259,DK-12835,41
1260,DK-12835,24
1261,DK-12835,35
1262,DK-12835,11
1263,DK-12895,310
1264,DK-12895,475
1265,DK-12895,79
1266,DK-12895,229
1267,DK-12895,6
1268,DK-12985,1
1269,DK-12985,27
1270,DK-12985,35
1271,DK-12985,564
1272,DK-12985,331
1273,DK-13090,6
1274,DK-13090,29
1275,DK-13090,11
1276,DK-13090,256
1277,DK-13090,235
1278,DK-13090,416
1279,DK-13090,297
1280,DK-13150,68
1281,DK-13150,30
1282,DK-13225,12
1283,DK-13225,156
1284,DK-13225,159
1285,DK-13225,126
1286,DK-13225,145
1287,DK-13225,165
1288,DK-13225,10
1289,DK-13225,46
1290,DK-13375,369
1291,DK-13375,189
1292,DK-13375,24
1293,DK-13375,21
1294,DK-13375,60
1295,DK-13375,584
1296,DK-13375,61
1297,DK-13375,208
1298,DL-12865,94
1299,DL-12865,165
1300,DL-12865,323
1301,DL-12865,187
1302,DL-12865,308
1303,DL-12865,230
1304,DL-12865,107
1305,DL-12925,219
1306,DL-12925,20
1307,DL-12925,421
1308,DL-12925,40
1309,DL-12925,256
1310,DL-12925,255
1311,DL-13315,24
1312,DL-13315,64
1313,DL-13315,46
1314,DL-13315,350
1315,DL-13315,366
1316,DL-13315,149
1317,DL-13315,614
1318,DL-13315,156
1319,DL-13330,405
1320,DL-13330,5
1321,DL-13330,30
1322,DL-13330,453
1323,DL-13495,95
1324,DL-13495,24
1325,DL-13495,113
1326,DL-13495,75
1327,DL-13495,84
1328,DL-13495,322
1329,DL-13495,524
1330,DL-13495,381
1331,Dl-13600,90
1332,Dl-13600,178
1333,Dl-13600,60
1334,Dl-13600,46
1335,DM-12955,368
1336,DM-12955,380
1337,DM-12955,67
1338,DM-12955,155
1339,DM-12955,324
1340,DM-12955,512
1341,DM-12955,396
1342,DM-13015,236
1343,DM-13015,66
1344,DM-13015,341
1345,DM-13015,33
1346,DM-13015,106
1347,DM-13015,30
1348,DM-13015,404
1349,DM-13345,237
1350,DM-13345,56
1351,DM-13345,194
1352,DM-13345,197
1353,DM-13345,10
1354,DM-13345,24
1355,DM-13345,417
1356,DM-13345,145
1357,DM-13525,33
1358,DM-13525,184
1359,DM-13525,46
1360,DN-13690,35
1361,DN-13690,10
1362,DN-13690,210
1363,DN-13690,61
1364,DN-13690,165
1365,DN-13690,521
1366,DN-13690,313
1367,DO-13435,119
1368,DO-13435,46
1369,DO-13435,155
1370,DO-13435,2
1371,DO-13435,6
1372,DO-13435,48
1373,DO-13435,41
1374,DO-13435,364
1375,DO-13645,2
1376,DO-13645,129
1377,DO-13645,252
1378,DO-13645,67
1379,DO-13645,364
1380,DO-13645,336
1381,DO-13645,618
1382,DP-13000,23
1383,DP-13000,26
1384,DP-13000,3
1385,DP-13000,17
1386,DP-13000,178
1387,DP-13000,15
1388,DP-13000,27
1389,DP-13000,46
1390,DP-13000,297
1391,DP-13105,206
1392,DP-13105,46
1393,DP-13105,4
1394,DP-13105,420
1395,DP-13105,430
1396,DP-13105,61
1397,DP-13105,425
1398,DP-13105,64
1399,DP-13165,46
1400,DP-13165,27
1401,Dp-13240,409
1402,Dp-13240,74
1403,Dp-13240,443
1404,Dp-13240,44
1405,Dp-13240,61
1406,Dp-13240,52
1407,Dp-13240,46
1408,Dp-13240,366
1409,Dp-13240,433
1410,Dp-13240,106
1411,Dp-13240,506
1412,DP-13390,121
1413,DP-13390,95
1414,DP-13390,26
1415,DP-13390,520
1416,DP-13390,85
1417,DP-13390,57
1418,DP-13390,284
1419,DP-13390,174
1420,DP-13390,75
1421,DR-12880,37
1422,DR-12880,30
1423,DR-12880,56
1424,DR-12880,428
1425,DR-12880,96
1426,DR-12880,46
1427,DR-12880,124
1428,DR-12880,165
1429,DR-12880,546
1430,DR-12940,118
1431,DR-12940,27
1432,DR-12940,476
1433,DR-12940,418
1434,DR-12940,585
1435,DR-12940,260
1436,DR-12940,174
1437,DR-12940,384
1438,DS-13030,61
1439,DS-13030,43
1440,DS-13030,30
1441,DS-13030,35
1442,DS-13180,84
1443,DS-13180,140
1444,DS-13180,66
1445,DS-13180,15
1446,DS-13180,35
1447,DS-13180,12
1448,DS-13180,89
1449,DS-13180,113
1450,DS-13180,391
1451,DV-13045,2
1452,DV-13045,106
1453,DV-13045,89
1454,DV-13045,32
1455,DV-13045,134
1456,DV-13465,77
1457,DV-13465,26
1458,DV-13465,40
1459,DV-13465,188
1460,DV-13465,14
1461,DV-13465,256
1462,DW-13195,15
1463,DW-13195,366
1464,DW-13195,314
1465,DW-13195,384
1466,DW-13195,331
1467,DW-13195,63
1468,DW-13480,88
1469,DW-13480,186
1470,DW-13480,233
1471,DW-13480,176
1472,DW-13480,143
1473,DW-13540,60
1474,DW-13540,281
1475,DW-13540,24
1476,DW-13540,33
1477,DW-13540,78
1478,DW-13585,48
1479,DW-13585,74
1480,DW-13585,307
1481,DW-13585,10
1482,DW-13585,554
1483,DW-13585,200
1484,DW-13585,413
1485,EA-14035,44
1486,EA-14035,38
1487,EA-14035,37
1488,EA-14035,297
1489,EA-14035,64
1490,EA-14035,142
1491,EA-14035,48
1492,EA-14035,335
1493,EA-14035,106
1494,EA-14035,55
1495,EA-14035,144
1496,EA-14035,165
1497,EA-14035,631
1498,EB-13705,76
1499,EB-13705,24
1500,EB-13705,7
1501,EB-13705,189
1502,EB-13705,159
1503,EB-13705,35
1504,EB-13705,15
1505,EB-13705,12
1506,EB-13705,610
1507,EB-13750,6
1508,EB-13750,406
1509,EB-13750,218
1510,EB-13750,454
1511,EB-13750,95
1512,EB-13750,288
1513,EB-13750,251
1514,EB-13750,165
1515,EB-13750,102
1516,EB-13750,94
1517,EB-13840,60
1518,EB-13840,46
1519,EB-13840,37
1520,EB-13840,196
1521,EB-13840,6
1522,EB-13870,13
1523,EB-13870,46
1524,EB-13870,52
1525,EB-13870,396
1526,EB-13870,12
1527,EB-13870,66
1528,EB-13870,79
1529,EB-13870,106
1530,EB-13870,230
1531,EB-13870,549
1532,EB-13930,95
1533,EB-13930,196
1534,EB-13930,500
1535,EB-13930,156
1536,EB-13930,105
1537,EB-13975,262
1538,EB-13975,44
1539,EB-13975,308
1540,EB-13975,14
1541,EB-14110,64
1542,EB-14110,59
1543,EB-14110,63
1544,EB-14110,46
1545,EB-14110,48
1546,EB-14170,125
1547,EB-14170,162
1548,EB-14170,44
1549,EB-14170,111
1550,EB-14170,15
1551,EB-14170,61
1552,EC-14050,24
1553,EC-14050,48
1554,EC-14050,113
1555,EC-14050,95
1556,EC-14050,337
1557,ED-13885,89
1558,ED-13885,67
1559,ED-13885,63
1560,ED-13885,15
1561,ED-13885,61
1562,ED-13885,95
1563,ED-13885,165
1564,EG-13900,188
1565,EG-13900,37
1566,EG-13900,18
1567,EG-13900,12
1568,EG-13900,338
1569,EH-13765,291
1570,EH-13765,443
1571,EH-13765,46
1572,EH-13765,6
1573,EH-13765,64
1574,EH-13765,10
1575,EH-13765,14
1576,EH-13765,61
1577,EH-13765,37
1578,EH-13765,165
1579,EH-13765,629
1580,EH-13765,30
1581,EH-13945,14
1582,EH-13945,17
1583,EH-13945,171
1584,EH-13945,287
1585,EH-13945,32
1586,EH-13945,147
1587,EH-13945,142
1588,EH-13945,75
1589,EH-13990,237
1590,EH-13990,380
1591,EH-13990,17
1592,EH-13990,30
1593,EH-13990,317
1594,EH-13990,293
1595,EH-14005,77
1596,EH-14005,187
1597,EH-14005,243
1598,EH-14005,106
1599,EH-14005,396
1600,EH-14005,238
1601,EH-14005,10
1602,EH-14125,174
1603,EH-14125,413
1604,EH-14125,3
1605,EH-14125,98
1606,EH-14125,95
1607,EH-14125,390
1608,EH-14125,12
1609,EH-14125,145
1610,EH-14125,596
1611,EH-14125,469
1612,EH-14185,34
1613,EH-14185,90
1614,EH-14185,46
1615,EH-14185,106
1616,EH-14185,75
1617,EH-14185,583
1618,EJ-13720,89
1619,EJ-13720,144
1620,EJ-13720,142
1621,EJ-13720,106
1622,EJ-14155,253
1623,EJ-14155,60
1624,EJ-14155,201
1625,EJ-14155,118
1626,EJ-14155,89
1627,EK-13795,201
1628,EK-13795,247
1629,EK-13795,95
1630,EK-13795,27
1631,EL-13735,210
1632,EL-13735,227
1633,EM-13810,2
1634,EM-13810,35
1635,EM-13810,118
1636,EM-13810,30
1637,EM-13810,356
1638,EM-13825,376
1639,EM-13825,177
1640,EM-13825,14
1641,EM-13825,476
1642,EM-13825,67
1643,EM-13825,521
1644,EM-13825,495
1645,EM-13825,336
1646,EM-13960,64
1647,EM-13960,309
1648,EM-13960,10
1649,EM-13960,117
1650,EM-13960,41
1651,EM-14065,24
1652,EM-14065,223
1653,EM-14065,30
1654,EM-14065,407
1655,EM-14095,2
1656,EM-14095,52
1657,EM-14095,24
1658,EM-14095,29
1659,EM-14140,277
1660,EM-14140,151
1661,EM-14140,286
1662,EM-14140,471
1663,EM-14140,519
1664,EM-14140,201
1665,EM-14200,221
1666,EM-14200,230
1667,EM-14200,163
1668,EN-13780,46
1669,EN-13780,78
1670,EN-13780,30
1671,EN-13780,438
1672,EP-13915,156
1673,EP-13915,165
1674,EP-13915,75
1675,EP-13915,287
1676,EP-13915,142
1677,EP-13915,84
1678,EP-13915,447
1679,EP-13915,86
1680,EP-13915,356
1681,EP-13915,67
1682,EP-13915,134
1683,EP-13915,263
1684,EP-13915,238
1685,EP-13915,4
1686,EP-13915,35
1687,EP-13915,89
1688,EP-13915,27
1689,ER-13855,42
1690,ER-13855,98
1691,ER-13855,44
1692,ES-14020,95
1693,ES-14020,46
1694,ES-14020,281
1695,ES-14020,14
1696,ES-14020,67
1697,ES-14080,19
1698,ES-14080,116
1699,ES-14080,287
1700,ES-14080,260
1701,ES-14080,64
1702,ES-14080,347
1703,ES-14080,331
1704,ES-14080,101
1705,FA-14230,107
1706,FA-14230,66
1707,FA-14230,77
1708,FA-14230,142
1709,FA-14230,416
1710,FA-14230,4
1711,FA-14230,315
1712,FC-14245,347
1713,FC-14245,4
1714,FC-14245,10
1715,FC-14245,158
1716,FC-14245,187
1717,FC-14245,340
1718,FC-14245,380
1719,FC-14335,352
1720,FC-14335,261
1721,FC-14335,27
1722,FC-14335,217
1723,FC-14335,95
1724,FC-14335,12
1725,FC-14335,384
1726,FG-14260,95
1727,FG-14260,174
1728,FG-14260,60
1729,FG-14260,30
1730,FG-14260,129
1731,FG-14260,75
1732,FG-14260,24
1733,FH-14275,242
1734,FH-14275,26
1735,FH-14275,17
1736,FH-14275,24
1737,FH-14275,75
1738,FH-14275,390
1739,FH-14275,35
1740,FH-14275,79
1741,FH-14275,174
1742,FH-14350,60
1743,FH-14350,149
1744,FH-14350,37
1745,FH-14350,83
1746,FH-14365,75
1747,FH-14365,61
1748,FH-14365,30
1749,FH-14365,256
1750,FH-14365,142
1751,FH-14365,366
1752,FH-14365,420
1753,FH-14365,26
1754,FM-14215,83
1755,FM-14215,4
1756,FM-14215,265
1757,FM-14215,12
1758,FM-14215,411
1759,FM-14215,6
1760,FM-14215,308
1761,FM-14215,127
1762,FM-14215,106
1763,FM-14290,4
1764,FM-14290,173
1765,FM-14290,411
1766,FM-14290,127
1767,FM-14290,360
1768,FM-14290,12
1769,FM-14290,35
1770,FM-14290,617
1771,FM-14290,106
1772,FM-14380,43
1773,FM-14380,129
1774,FM-14380,223
1775,FM-14380,24
1776,FM-14380,432
1777,FM-14380,140
1778,FM-14380,130
1779,FM-14380,329
1780,FM-14380,84
1781,FO-14305,46
1782,FO-14305,246
1783,FO-14305,78
1784,FO-14305,33
1785,FO-14305,476
1786,FO-14305,113
1787,FO-14305,37
1788,FO-14305,380
1789,FO-14305,106
1790,FO-14305,277
1791,FP-14320,142
1792,FP-14320,60
1793,FP-14320,30
1794,FP-14320,89
1795,FP-14320,14
1796,FP-14320,64
1797,FP-14320,24
1798,FP-14320,144
1799,FW-14395,365
1800,FW-14395,165
1801,FW-14395,4
1802,GA-14515,35
1803,GA-14515,177
1804,GA-14515,165
1805,GA-14515,26
1806,GA-14515,295
1807,GA-14515,78
1808,GA-14515,10
1809,GA-14515,113
1810,GA-14725,204
1811,GA-14725,44
1812,GA-14725,161
1813,GA-14725,2
1814,GA-14725,504
1815,GA-14725,535
1816,GA-14725,195
1817,GA-14725,75
1818,GA-14725,95
1819,GA-14725,177
1820,GA-14725,340
1821,GB-14530,136
1822,GB-14530,26
1823,GB-14530,22
1824,GB-14530,234
1825,GB-14530,7
1826,GB-14530,56
1827,GB-14530,14
1828,GB-14530,75
1829,GB-14530,330
1830,GB-14530,43
1831,GB-14575,64
1832,GB-14575,102
1833,GB-14575,478
1834,GB-14575,38
1835,GB-14575,165
1836,GD-14590,106
1837,GD-14590,397
1838,GD-14590,579
1839,GD-14590,102
1840,GG-14650,49
1841,GG-14650,240
1842,GG-14650,37
1843,GG-14650,14
1844,GG-14650,46
1845,GG-14650,48
1846,GG-14650,6
1847,GG-14650,51
1848,GG-14650,550
1849,GH-14410,277
1850,GH-14410,35
1851,GH-14410,33
1852,GH-14410,348
1853,GH-14410,156
1854,GH-14410,88
1855,GH-14410,512
1856,GH-14410,14
1857,GH-14410,564
1858,GH-14425,116
1859,GH-14425,134
1860,GH-14425,60
1861,GH-14425,591
1862,GH-14485,16
1863,GH-14485,177
1864,GH-14665,218
1865,GH-14665,27
1866,GK-14620,108
1867,GK-14620,14
1868,GK-14620,161
1869,GK-14620,93
1870,GK-14620,303
1871,GK-14620,163
1872,GK-14620,26
1873,GK-14620,308
1874,GM-14440,35
1875,GM-14440,30
1876,GM-14440,25
1877,GM-14440,143
1878,GM-14440,14
1879,GM-14440,366
1880,GM-14455,15
1881,GM-14455,48
1882,GM-14455,118
1883,GM-14455,156
1884,GM-14455,111
1885,GM-14455,209
1886,GM-14500,260
1887,GM-14500,254
1888,GM-14500,12
1889,GM-14500,188
1890,GM-14500,6
1891,GM-14500,426
1892,GM-14500,476
1893,GM-14500,27
1894,GM-14500,411
1895,GM-14680,60
1896,GM-14680,63
1897,GM-14680,24
1898,GM-14680,165
1899,GM-14680,59
1900,GM-14680,64
1901,GM-14695,2
1902,GM-14695,213
1903,GM-14695,35
1904,GP-14740,208
1905,GP-14740,344
1906,GR-14560,95
1907,GR-14560,50
1908,GT-14635,180
1909,GT-14635,256
1910,GT-14635,30
1911,GT-14710,33
1912,GT-14710,88
1913,GT-14710,46
1914,GT-14710,226
1915,GT-14710,60
1916,GT-14710,199
1917,GT-14710,17
1918,GT-14710,251
1919,GT-14710,24
1920,GT-14710,10
1921,GT-14755,115
1922,GT-14755,14
1923,GT-14755,229
1924,GT-14755,107
1925,GW-14605,61
1926,GW-14605,35
1927,GW-14605,12
1928,GW-14605,24
1929,GW-14605,281
1930,GW-14605,67
1931,GW-14605,1
1932,GZ-14470,39
1933,GZ-14470,95
1934,GZ-14470,10
1935,GZ-14470,102
1936,GZ-14470,489
1937,GZ-14470,210
1938,GZ-14470,577
1939,GZ-14470,93
1940,GZ-14470,575
1941,GZ-14545,129
1942,GZ-14545,381
1943,GZ-14545,2
1944,GZ-14545,142
1945,HA-14905,24
1946,HA-14905,118
1947,HA-14905,377
1948,HA-14905,27
1949,HA-14905,59
1950,HA-14905,158
1951,HA-14905,46
1952,HA-14920,55
1953,HA-14920,10
1954,HA-14920,75
1955,HA-14920,162
1956,HA-14920,307
1957,HA-14920,95
1958,HA-14920,37
1959,HD-14785,106
1960,HD-14785,566
1961,HD-14785,27
1962,HE-14800,37
1963,HE-14800,286
1964,HE-14800,202
1965,HF-14995,305
1966,HF-14995,32
1967,HF-14995,142
1968,HF-14995,10
1969,HF-14995,26
1970,HF-14995,309
1971,HF-14995,3
1972,HG-14845,418
1973,HG-14845,24
1974,HG-14845,75
1975,HG-14845,17
1976,HG-14845,78
1977,HG-14965,4
1978,HG-14965,352
1979,HG-14965,95
1980,HG-14965,253
1981,HG-14965,156
1982,HG-14965,106
1983,HG-14965,26
1984,HG-14965,203
1985,HG-14965,2
1986,HG-14965,98
1987,HG-14965,143
1988,HG-14965,404
1989,HG-15025,140
1990,HG-15025,88
1991,HG-15025,188
1992,HG-15025,369
1993,HG-15025,7
1994,HG-15025,556
1995,HG-15025,4
1996,HH-15010,95
1997,HJ-14875,134
1998,HJ-14875,155
1999,HJ-14875,35
2000,HJ-14875,60
2001,HJ-14875,152
2002,HK-14890,79
2003,HK-14890,44
2004,HK-14890,27
2005,HK-14890,206
2006,HK-14890,481
2007,HK-14890,286
2008,HK-14890,33
2009,HK-14890,152
2010,HL-15040,15
2011,HL-15040,238
2012,HL-15040,202
2013,HL-15040,145
2014,HL-15040,286
2015,HL-15040,239
2016,HM-14860,75
2017,HM-14860,144
2018,HM-14860,6
2019,HM-14860,14
2020,HM-14860,523
2021,HM-14860,297
2022,HM-14860,93
2023,HM-14860,163
2024,HM-14860,335
2025,HM-14860,24
2026,HM-14980,30
2027,HM-14980,142
2028,HM-14980,180
2029,HM-14980,60
2030,HP-14815,7
2031,HP-14815,31
2032,HP-14815,24
2033,HP-14815,14
2034,HP-14815,221
2035,HP-14815,209
2036,HP-14815,116
2037,HR-14770,63
2038,HR-14770,202
2039,HR-14770,46
2040,HR-14770,134
2041,HR-14770,239
2042,HR-14830,6
2043,HR-14830,30
2044,HR-14830,28
2045,HR-14830,329
2046,HR-14830,126
2047,HR-14830,46
2048,HR-14830,12
2049,HW-14935,189
2050,HW-14935,24
2051,HW-14935,61
2052,HW-14935,156
2053,HW-14935,60
2054,HW-14935,313
2055,HW-14935,186
2056,HW-14935,305
2057,HZ-14950,48
2058,HZ-14950,15
2059,HZ-14950,3
2060,HZ-14950,24
2061,IG-15085,143
2062,IG-15085,367
2063,IG-15085,6
2064,IG-15085,212
2065,IL-15100,35
2066,IL-15100,135
2067,IL-15100,17
2068,IL-15100,50
2069,IL-15100,284
2070,IL-15100,48
2071,IM-15055,53
2072,IM-15055,122
2073,IM-15055,35
2074,IM-15070,6
2075,IM-15070,202
2076,IM-15070,257
2077,IM-15070,75
2078,IM-15070,30
2079,IM-15070,98
2080,IM-15070,189
2081,JA-15970,52
2082,JA-15970,64
2083,JA-15970,63
2084,JA-15970,185
2085,JA-15970,84
2086,JA-15970,331
2087,JA-15970,244
2088,JA-15970,591
2089,JB-15400,37
2090,JB-15400,86
2091,JB-15400,142
2092,JB-15400,320
2093,JB-15400,355
2094,JB-15400,30
2095,JB-15400,129
2096,JB-15400,229
2097,JB-15400,202
2098,JB-15400,14
2099,JB-15925,83
2100,JB-15925,111
2101,JB-15925,4
2102,JB-16000,231
2103,JB-16000,12
2104,JB-16000,528
2105,JB-16000,364
2106,JB-16000,63
2107,JB-16000,563
2108,JB-16000,210
2109,JB-16045,113
2110,JB-16045,459
2111,JB-16045,605
2112,JB-16045,48
2113,JB-16045,75
2114,JC-15340,4
2115,JC-15340,24
2116,JC-15340,75
2117,JC-15340,216
2118,JC-15385,299
2119,JC-15775,66
2120,JC-15775,395
2121,JC-15775,258
2122,JC-15775,165
2123,JC-15775,149
2124,JC-15775,106
2125,JC-15775,4
2126,JC-15775,61
2127,JC-15775,286
2128,JC-16105,36
2129,JC-16105,149
2130,JC-16105,63
2131,JC-16105,145
2132,JC-16105,40
2133,JD-15790,282
2134,JD-15790,134
2135,JD-15790,14
2136,JD-15790,33
2137,JD-15790,99
2138,JD-15895,12
2139,JD-15895,99
2140,JD-15895,46
2141,JD-15895,63
2142,JD-15895,2
2143,JD-15895,38
2144,JD-15895,122
2145,JD-15895,216
2146,JD-15895,196
2147,JD-15895,24
2148,JD-16015,27
2149,JD-16015,30
2150,JD-16015,61
2151,JD-16015,156
2152,JD-16015,75
2153,JD-16015,214
2154,JD-16060,10
2155,JD-16060,15
2156,JD-16060,39
2157,JD-16150,40
2158,JD-16150,12
2159,JD-16150,202
2160,JD-16150,286
2161,JD-16150,165
2162,JD-16150,89
2163,JD-16150,142
2164,JD-16150,612
2165,JE-15475,25
2166,JE-15475,132
2167,JE-15475,6
2168,JE-15475,24
2169,JE-15475,89
2170,JE-15475,15
2171,JE-15610,202
2172,JE-15610,153
2173,JE-15610,2
2174,JE-15610,209
2175,JE-15610,149
2176,JE-15610,189
2177,JE-15610,14
2178,JE-15715,334
2179,JE-15715,405
2180,JE-15715,17
2181,JE-15715,61
2182,JE-15715,44
2183,JE-15715,178
2184,JE-15715,30
2185,JE-15715,33
2186,JE-15715,234
2187,JE-15715,14
2188,JE-15745,32
2189,JE-15745,33
2190,JE-15745,56
2191,JE-15745,128
2192,JE-15745,203
2193,JE-15745,249
2194,JE-15745,140
2195,JE-15745,59
2196,JE-15745,89
2197,JE-15745,146
2198,JE-15745,219
2199,JE-15745,529
2200,JE-15745,2
2201,JE-16165,57
2202,JE-16165,434
2203,JE-16165,389
2204,JF-15190,142
2205,JF-15190,341
2206,JF-15190,114
2207,JF-15190,24
2208,JF-15190,107
2209,JF-15190,64
2210,JF-15190,46
2211,JF-15295,6
2212,JF-15295,424
2213,JF-15295,505
2214,JF-15295,303
2215,JF-15295,2
2216,JF-15355,111
2217,JF-15355,189
2218,JF-15355,38
2219,JF-15355,145
2220,JF-15355,55
2221,JF-15355,309
2222,JF-15415,24
2223,JF-15415,60
2224,JF-15415,385
2225,JF-15415,322
2226,JF-15415,586
2227,JF-15415,156
2228,JF-15490,60
2229,JF-15490,287
2230,JF-15490,4
2231,JF-15490,35
2232,JF-15490,48
2233,JF-15490,507
2234,JF-15490,506
2235,JF-15490,41
2236,JF-15490,30
2237,JF-15490,156
2238,JF-15565,177
2239,JF-15565,307
2240,JF-15565,75
2241,JF-15565,95
2242,JF-15565,390
2243,JF-15565,68
2244,JF-15565,66
2245,JF-15565,24
2246,JG-15115,120
2247,JG-15115,44
2248,JG-15115,223
2249,JG-15160,14
2250,JG-15160,171
2251,JG-15160,264
2252,JG-15160,24
2253,JG-15160,256
2254,JG-15160,544
2255,JG-15160,149
2256,JG-15160,17
2257,JG-15160,300
2258,JG-15310,260
2259,JG-15310,457
2260,JG-15310,56
2261,JG-15310,107
2262,JG-15310,4
2263,JG-15805,24
2264,JG-15805,136
2265,JG-15805,163
2266,JG-15805,68
2267,JG-15805,268
2268,JG-15805,189
2269,JH-15430,180
2270,JH-15430,326
2271,JH-15430,178
2272,JH-15430,187
2273,JH-15820,362
2274,JH-15820,27
2275,JH-15820,375
2276,JH-15820,30
2277,JH-15820,545
2278,JH-15820,234
2279,JH-15910,4
2280,JH-15910,37
2281,JH-15910,33
2282,JH-15910,313
2283,JH-15910,94
2284,JH-15910,149
2285,JH-15910,583
2286,JH-15985,81
2287,JH-15985,61
2288,JH-15985,6
2289,JH-15985,415
2290,JH-15985,10
2291,JH-15985,5
2292,JH-16180,261
2293,JH-16180,428
2294,JH-16180,46
2295,JH-16180,12
2296,JJ-15445,26
2297,JJ-15445,410
2298,JJ-15445,37
2299,JJ-15445,46
2300,JJ-15445,286
2301,JJ-15760,29
2302,JJ-15760,67
2303,JK-15205,35
2304,JK-15205,369
2305,JK-15205,187
2306,JK-15205,102
2307,JK-15205,278
2308,JK-15325,78
2309,JK-15325,593
2310,JK-15325,4
2311,JK-15370,107
2312,JK-15370,106
2313,JK-15370,35
2314,JK-15370,124
2315,JK-15370,189
2316,JK-15370,254
2317,JK-15370,365
2318,JK-15370,46
2319,JK-15625,61
2320,JK-15625,48
2321,JK-15625,225
2322,JK-15625,24
2323,JK-15625,75
2324,JK-15625,130
2325,JK-15640,30
2326,JK-15640,60
2327,JK-15640,178
2328,JK-15640,347
2329,JK-15640,75
2330,JK-15640,165
2331,JK-15640,343
2332,JK-15640,95
2333,JK-15730,197
2334,JK-15730,223
2335,JK-15730,273
2336,JK-15730,67
2337,JK-15730,48
2338,JK-15730,297
2339,JK-15730,138
2340,JK-15730,156
2341,JK-15730,562
2342,JK-15730,629
2343,JK-16090,199
2344,JK-16090,331
2345,JK-16090,176
2346,JK-16120,174
2347,JK-16120,20
2348,JK-16120,64
2349,JK-16120,189
2350,JK-16120,30
2351,JK-16120,156
2352,JK-16120,111
2353,JK-16120,3
2354,JK-16120,211
2355,JL-15130,67
2356,JL-15130,216
2357,JL-15130,404
2358,JL-15130,125
2359,JL-15130,281
2360,JL-15130,132
2361,JL-15175,85
2362,JL-15175,524
2363,JL-15175,95
2364,JL-15175,245
2365,JL-15175,429
2366,JL-15235,37
2367,JL-15235,286
2368,JL-15235,46
2369,JL-15235,14
2370,JL-15235,603
2371,JL-15505,46
2372,JL-15505,375
2373,JL-15505,185
2374,JL-15505,33
2375,JL-15505,280
2376,JL-15505,619
2377,JL-15835,169
2378,JL-15835,165
2379,JL-15835,14
2380,JL-15835,44
2381,JL-15835,75
2382,JL-15835,186
2383,JL-15835,63
2384,JL-15835,24
2385,JL-15835,48
2386,JL-15835,127
2387,JL-15835,35
2388,JL-15850,64
2389,JL-15850,60
2390,JL-15850,35
2391,JL-15850,46
2392,JL-15850,155
2393,JL-15850,15
2394,JM-15250,44
2395,JM-15250,30
2396,JM-15250,4
2397,JM-15250,309
2398,JM-15250,307
2399,JM-15250,144
2400,JM-15265,24
2401,JM-15265,131
2402,JM-15265,2
2403,JM-15265,61
2404,JM-15265,156
2405,JM-15535,106
2406,JM-15535,2
2407,JM-15535,411
2408,JM-15535,469
2409,JM-15535,46
2410,JM-15535,165
2411,JM-15580,234
2412,JM-15580,523
2413,JM-15580,63
2414,JM-15580,309
2415,JM-15580,60
2416,JM-15655,289
2417,JM-15655,65
2418,JM-15655,277
2419,JM-15655,204
2420,JM-15655,4
2421,JM-15865,391
2422,JM-15865,52
2423,JM-15865,76
2424,JM-15865,2
2425,JM-15865,122
2426,JM-15865,363
2427,JM-15865,102
2428,JM-16195,26
2429,JM-16195,291
2430,JM-16195,10
2431,JM-16195,73
2432,JM-16195,541
2433,JM-16195,548
2434,JM-16195,286
2435,JM-16195,43
2436,JM-16195,125
2437,JM-16195,176
2438,JO-15145,12
2439,JO-15145,95
2440,JO-15145,127
2441,JO-15145,142
2442,JO-15145,541
2443,JO-15145,57
2444,JO-15145,507
2445,JO-15145,6
2446,JO-15145,251
2447,JO-15280,26
2448,JO-15280,14
2449,JO-15280,328
2450,JO-15280,75
2451,JO-15280,32
2452,JO-15280,89
2453,JO-15550,182
2454,JO-15550,60
2455,JO-15550,199
2456,JO-15550,53
2457,JO-15550,10
2458,JP-15460,188
2459,JP-15460,101
2460,JP-15460,277
2461,JP-15460,46
2462,JP-15460,30
2463,JP-15460,17
2464,JP-15460,78
2465,JP-15520,95
2466,JP-15520,33
2467,JP-15520,325
2468,JP-15520,8
2469,JP-15520,595
2470,JP-15520,452
2471,JP-15520,238
2472,JP-16135,113
2473,JP-16135,48
2474,JP-16135,316
2475,JP-16135,4
2476,JP-16135,158
2477,JP-16135,165
2478,JP-16135,143
2479,JP-16135,75
2480,JR-15670,265
2481,JR-15670,98
2482,JR-15700,134
2483,JR-16210,158
2484,JR-16210,134
2485,JR-16210,331
2486,JR-16210,135
2487,JR-16210,95
2488,JS-15595,63
2489,JS-15595,124
2490,JS-15595,156
2491,JS-15595,48
2492,JS-15685,2
2493,JS-15685,12
2494,JS-15685,475
2495,JS-15685,46
2496,JS-15880,6
2497,JS-15880,115
2498,JS-15880,275
2499,JS-15880,149
2500,JS-15880,214
2501,JS-15940,139
2502,JS-15940,64
2503,JS-15940,292
2504,JS-15940,211
2505,JS-15940,404
2506,JS-16030,67
2507,JS-16030,502
2508,JS-16030,191
2509,JS-16030,68
2510,JS-16030,48
2511,JS-16030,35
2512,JW-15220,173
2513,JW-15220,347
2514,JW-15220,154
2515,JW-15220,189
2516,JW-15220,129
2517,JW-15220,380
2518,JW-15955,233
2519,JW-15955,176
2520,JW-15955,256
2521,JW-15955,6
2522,JW-15955,75
2523,JW-15955,315
2524,JW-16075,12
2525,JW-16075,10
2526,JW-16075,223
2527,JW-16075,27
2528,KA-16525,349
2529,KA-16525,174
2530,KA-16525,24
2531,KA-16525,348
2532,KA-16525,46
2533,KA-16525,6
2534,KA-16525,89
2535,KB-16240,2
2536,KB-16240,451
2537,KB-16240,12
2538,KB-16240,124
2539,KB-16240,429
2540,KB-16240,457
2541,KB-16240,14
2542,KB-16315,40
2543,KB-16315,266
2544,KB-16315,279
2545,KB-16315,476
2546,KB-16315,76
2547,KB-16315,286
2548,KB-16315,142
2549,KB-16315,178
2550,KB-16315,305
2551,KB-16405,431
2552,KB-16405,46
2553,KB-16405,60
2554,KB-16585,11
2555,KB-16585,15
2556,KB-16585,112
2557,KB-16585,187
2558,KB-16585,326
2559,KB-16585,177
2560,KB-16585,6
2561,KB-16585,61
2562,KB-16585,300
2563,KB-16585,331
2564,KB-16585,95
2565,KB-16585,235
2566,KB-16600,17
2567,KB-16600,100
2568,KB-16600,135
2569,KB-16600,438
2570,KB-16600,30
2571,KB-16600,37
2572,KB-16600,60
2573,KC-16255,95
2574,KC-16255,258
2575,KC-16255,1
2576,KC-16255,75
2577,KC-16255,365
2578,KC-16255,30
2579,KC-16540,89
2580,KC-16540,56
2581,KC-16540,61
2582,KC-16540,17
2583,KC-16675,60
2584,KC-16675,395
2585,KC-16675,176
2586,KC-16675,1
2587,KD-16270,29
2588,KD-16270,232
2589,KD-16270,24
2590,KD-16270,15
2591,KD-16270,4
2592,KD-16345,35
2593,KD-16345,280
2594,KD-16345,37
2595,KD-16345,14
2596,KD-16345,30
2597,KD-16345,46
2598,KD-16495,30
2599,KD-16495,307
2600,KD-16495,31
2601,KD-16495,338
2602,KD-16495,477
2603,KD-16495,130
2604,KD-16495,2
2605,KD-16495,59
2606,KD-16495,75
2607,KD-16495,24
2608,KD-16615,58
2609,KD-16615,142
2610,KD-16615,24
2611,KD-16615,4
2612,KD-16615,159
2613,KE-16420,49
2614,KE-16420,66
2615,KE-16420,46
2616,KE-16420,301
2617,KE-16420,78
2618,KE-16420,43
2619,KE-16420,64
2620,KE-16420,142
2621,KF-16285,361
2622,KF-16285,107
2623,KF-16285,305
2624,KF-16285,171
2625,KF-16285,189
2626,KF-16285,142
2627,KF-16285,495
2628,KH-16330,318
2629,KH-16330,419
2630,KH-16330,483
2631,KH-16330,56
2632,KH-16330,589
2633,KH-16330,24
2634,KH-16330,46
2635,KH-16330,443
2636,KH-16360,106
2637,KH-16360,37
2638,KH-16360,176
2639,KH-16360,22
2640,KH-16360,102
2641,KH-16360,33
2642,KH-16510,95
2643,KH-16510,6
2644,KH-16510,177
2645,KH-16510,15
2646,KH-16510,283
2647,KH-16510,102
2648,KH-16510,343
2649,KH-16630,66
2650,KH-16630,137
2651,KH-16630,60
2652,KH-16630,33
2653,KH-16630,235
2654,KH-16630,44
2655,KH-16630,76
2656,KH-16630,269
2657,KH-16630,201
2658,KH-16690,95
2659,KH-16690,142
2660,KH-16690,470
2661,KH-16690,4
2662,KH-16690,29
2663,KH-16690,331
2664,KH-16690,216
2665,KL-16555,98
2666,KL-16555,66
2667,KL-16555,245
2668,KL-16555,324
2669,KL-16555,308
2670,KL-16555,134
2671,KL-16555,146
2672,KL-16555,174
2673,KL-16645,27
2674,KL-16645,110
2675,KL-16645,37
2676,KL-16645,35
2677,KL-16645,286
2678,KL-16645,46
2679,KL-16645,186
2680,KL-16645,15
2681,KL-16645,60
2682,KL-16645,331
2683,KL-16645,626
2684,KM-16225,165
2685,KM-16225,440
2686,KM-16225,106
2687,KM-16225,335
2688,KM-16225,309
2689,KM-16225,355
2690,KM-16375,271
2691,KM-16375,381
2692,KM-16375,163
2693,KM-16375,102
2694,KM-16375,28
2695,KM-16375,260
2696,KM-16375,33
2697,KM-16375,628
2698,KM-16660,237
2699,KM-16660,59
2700,KM-16660,4
2701,KM-16660,12
2702,KM-16660,96
2703,KM-16720,26
2704,KM-16720,168
2705,KM-16720,256
2706,KM-16720,284
2707,KM-16720,15
2708,KM-16720,46
2709,KM-16720,510
2710,KM-16720,112
2711,KN-16390,26
2712,KN-16390,48
2713,KN-16390,75
2714,KN-16390,274
2715,KN-16390,165
2716,KN-16390,158
2717,KN-16390,33
2718,KN-16390,235
2719,KN-16390,538
2720,KN-16450,134
2721,KN-16450,415
2722,KN-16450,439
2723,KN-16450,78
2724,KN-16450,309
2725,KN-16705,377
2726,KN-16705,60
2727,KN-16705,342
2728,KN-16705,315
2729,KN-16705,385
2730,KN-16705,30
2731,KN-16705,479
2732,KN-16705,132
2733,KS-16300,519
2734,KS-16300,315
2735,KS-16300,113
2736,KT-16465,14
2737,KT-16465,277
2738,KT-16465,4
2739,KT-16465,37
2740,KT-16465,315
2741,KT-16465,67
2742,KT-16465,10
2743,KT-16480,251
2744,KT-16480,77
2745,KT-16480,15
2746,KT-16480,118
2747,KT-16480,113
2748,KT-16480,95
2749,KT-16480,417
2750,KT-16480,2
2751,KT-16480,64
2752,KT-16480,163
2753,KW-16435,30
2754,KW-16435,111
2755,KW-16435,243
2756,KW-16435,203
2757,KW-16435,156
2758,KW-16570,379
2759,KW-16570,69
2760,KW-16570,526
2761,KW-16570,10
2762,LA-16780,100
2763,LA-16780,104
2764,LA-16780,111
2765,LA-16780,372
2766,LA-16780,26
2767,LA-16780,254
2768,LA-16780,445
2769,LA-16780,309
2770,LA-16780,186
2771,LA-16780,32
2772,LA-16780,17
2773,LB-16735,7
2774,LB-16735,4
2775,LB-16735,395
2776,LB-16795,419
2777,LB-16795,48
2778,LB-16795,332
2779,LB-16795,126
2780,LB-16795,261
2781,LB-16795,60
2782,LB-16795,570
2783,LB-16795,50
2784,LC-16870,43
2785,LC-16870,194
2786,LC-16870,56
2787,LC-16870,156
2788,LC-16870,10
2789,LC-16870,462
2790,LC-16870,37
2791,LC-16870,196
2792,LC-16885,53
2793,LC-16885,10
2794,LC-16885,125
2795,LC-16885,105
2796,LC-16885,463
2797,LC-16885,233
2798,LC-16885,303
2799,LC-16885,594
2800,LC-16885,413
2801,LC-16885,46
2802,LC-16885,30
2803,LC-16885,14
2804,LC-16930,18
2805,LC-16930,90
2806,LC-16930,363
2807,LC-16930,385
2808,LC-16930,380
2809,LC-16930,239
2810,LC-16930,165
2811,LC-16930,52
2812,LC-16960,102
2813,LC-16960,86
2814,LC-16960,24
2815,LC-16960,89
2816,LC-17050,169
2817,LC-17050,26
2818,LC-17050,127
2819,LC-17050,82
2820,LC-17050,163
2821,LC-17140,78
2822,LC-17140,35
2823,LC-17140,4
2824,LC-17140,29
2825,LC-17140,6
2826,LC-17140,12
2827,LC-17140,178
2828,LC-17140,33
2829,LC-17140,46
2830,LD-16855,156
2831,LD-17005,10
2832,LD-17005,152
2833,LD-17005,165
2834,LD-17005,35
2835,LE-16810,80
2836,LE-16810,102
2837,LE-16810,156
2838,LE-16810,286
2839,LE-16810,29
2840,LF-17185,124
2841,LF-17185,56
2842,LF-17185,165
2843,LF-17185,15
2844,LF-17185,96
2845,LF-17185,46
2846,LF-17185,66
2847,LH-16750,44
2848,LH-16750,524
2849,LH-16750,12
2850,LH-16900,22
2851,LH-16900,238
2852,LH-16900,492
2853,LH-16900,95
2854,LH-16900,139
2855,LH-16900,255
2856,LH-16900,48
2857,LH-16900,113
2858,LH-16900,30
2859,LH-17020,48
2860,LH-17020,179
2861,LH-17020,35
2862,LH-17020,128
2863,LH-17155,10
2864,LH-17155,4
2865,LH-17155,177
2866,LH-17155,94
2867,LH-17155,31
2868,LH-17155,233
2869,LH-17155,142
2870,LH-17155,59
2871,LL-16840,145
2872,LL-16840,60
2873,LL-16840,300
2874,LL-16840,4
2875,LL-16840,181
2876,LL-16840,632
2877,LM-17065,158
2878,LM-17065,373
2879,LM-17065,402
2880,LM-17065,136
2881,LM-17065,24
2882,LO-17170,394
2883,LO-17170,46
2884,LO-17170,209
2885,LO-17170,121
2886,LO-17170,304
2887,LP-17080,95
2888,LP-17080,6
2889,LP-17080,116
2890,LP-17095,264
2891,LP-17095,52
2892,LP-17095,378
2893,LP-17095,439
2894,LP-17095,366
2895,LP-17095,174
2896,LP-17095,324
2897,LR-16915,143
2898,LR-16915,241
2899,LR-16915,63
2900,LR-16915,396
2901,LR-16915,36
2902,LR-16915,2
2903,LR-17035,64
2904,LR-17035,10
2905,LR-17035,256
2906,LR-17035,87
2907,LR-17035,17
2908,LS-16945,12
2909,LS-16945,77
2910,LS-16945,78
2911,LS-16945,95
2912,LS-16945,260
2913,LS-16945,26
2914,LS-16975,26
2915,LS-16975,199
2916,LS-16975,33
2917,LS-16975,46
2918,LS-16975,177
2919,LS-16975,309
2920,LS-16975,10
2921,LS-16975,156
2922,LS-16975,163
2923,LS-17200,302
2924,LS-17200,12
2925,LS-17200,525
2926,LS-17200,465
2927,LS-17200,202
2928,LS-17200,254
2929,LS-17230,22
2930,LS-17230,71
2931,LS-17230,14
2932,LS-17245,150
2933,LS-17245,223
2934,LS-17245,551
2935,LS-17245,95
2936,LS-17245,67
2937,LS-17245,63
2938,LT-16765,247
2939,LT-16765,128
2940,LT-16765,324
2941,LT-17110,195
2942,LT-17110,51
2943,LT-17110,48
2944,LT-17110,367
2945,LT-17110,66
2946,LT-17110,417
2947,LT-17110,223
2948,LT-17110,189
2949,LW-16825,263
2950,LW-16825,91
2951,LW-16825,52
2952,LW-16825,24
2953,LW-16825,90
2954,LW-16990,95
2955,LW-16990,234
2956,LW-16990,10
2957,LW-16990,321
2958,LW-17125,212
2959,LW-17125,570
2960,LW-17125,221
2961,LW-17215,55
2962,LW-17215,46
2963,LW-17215,156
2964,LW-17215,145
2965,LW-17215,377
2966,LW-17215,438
2967,MA-17560,15
2968,MA-17560,27
2969,MA-17560,24
2970,MA-17560,106
2971,MA-17560,191
2972,MA-17560,75
2973,MA-17560,26
2974,MA-17560,290
2975,MA-17560,599
2976,MA-17560,33
2977,MA-17560,31
2978,MA-17995,291
2979,MA-17995,26
2980,MA-17995,453
2981,MA-17995,553
2982,MA-17995,196
2983,MA-17995,405
2984,MB-17305,76
2985,MB-17305,277
2986,MB-17305,396
2987,MB-17305,485
2988,MB-17305,30
2989,MB-17305,517
2990,MB-17305,35
2991,MB-17305,94
2992,MB-17305,563
2993,MB-17305,48
2994,MB-18085,276
2995,MB-18085,106
2996,MB-18085,14
2997,MB-18085,44
2998,MB-18085,53
2999,MB-18085,67
3000,MB-18085,335
3001,MC-17275,300
3002,MC-17275,6
3003,MC-17275,32
3004,MC-17275,165
3005,MC-17275,514
3006,MC-17275,60
3007,MC-17275,588
3008,MC-17425,273
3009,MC-17425,67
3010,MC-17425,46
3011,MC-17425,41
3012,MC-17425,37
3013,MC-17575,94
3014,MC-17575,2
3015,MC-17575,75
3016,MC-17575,59
3017,MC-17575,307
3018,MC-17575,6
3019,MC-17575,37
3020,MC-17575,11
3021,MC-17590,348
3022,MC-17590,386
3023,MC-17590,175
3024,MC-17590,438
3025,MC-17590,608
3026,MC-17590,551
3027,MC-17605,152
3028,MC-17605,33
3029,MC-17605,26
3030,MC-17605,106
3031,MC-17605,153
3032,MC-17605,27
3033,MC-17605,4
3034,MC-17605,223
3035,MC-17635,359
3036,MC-17635,4
3037,MC-17635,68
3038,MC-17635,239
3039,MC-17845,130
3040,MC-17845,284
3041,MC-17845,46
3042,MC-17845,142
3043,MC-17845,514
3044,MC-17845,78
3045,MC-18100,295
3046,MC-18100,12
3047,MC-18100,14
3048,MC-18100,82
3049,MC-18100,51
3050,MC-18100,17
3051,MC-18100,37
3052,MC-18100,160
3053,MC-18100,24
3054,MC-18100,2
3055,MC-18130,69
3056,MC-18130,286
3057,MC-18130,26
3058,MC-18130,61
3059,MD-17350,146
3060,MD-17350,48
3061,MD-17350,76
3062,MD-17350,404
3063,MD-17350,163
3064,MD-17350,106
3065,MD-17350,159
3066,MD-17860,305
3067,MD-17860,414
3068,MD-17860,64
3069,MD-17860,197
3070,MD-17860,616
3071,ME-17320,113
3072,ME-17320,15
3073,ME-17320,81
3074,ME-17320,156
3075,ME-17320,29
3076,ME-17320,177
3077,ME-17320,1
3078,ME-17320,142
3079,ME-17320,538
3080,ME-17725,43
3081,ME-17725,286
3082,ME-17725,6
3083,ME-17725,60
3084,ME-17725,271
3085,ME-17725,27
3086,ME-17725,78
3087,ME-17725,176
3088,ME-18010,35
3089,ME-18010,60
3090,ME-18010,369
3091,ME-18010,484
3092,MF-17665,214
3093,MF-17665,52
3094,MF-17665,124
3095,MF-17665,210
3096,MF-17665,365
3097,MF-18250,2
3098,MF-18250,75
3099,MF-18250,367
3100,MF-18250,46
3101,MF-18250,15
3102,MG-17650,106
3103,MG-17650,6
3104,MG-17650,31
3105,MG-17650,202
3106,MG-17650,369
3107,MG-17650,347
3108,MG-17650,177
3109,MG-17680,56
3110,MG-17680,106
3111,MG-17680,496
3112,MG-17680,14
3113,MG-17695,251
3114,MG-17695,64
3115,MG-17695,27
3116,MG-17875,165
3117,MG-17875,3
3118,MG-17875,174
3119,MG-17875,102
3120,MG-17875,295
3121,MG-17890,235
3122,MG-17890,143
3123,MG-17890,309
3124,MG-17890,538
3125,MG-17890,209
3126,MG-17890,161
3127,MG-17890,587
3128,MG-17890,301
3129,MG-17890,254
3130,MG-18145,64
3131,MG-18145,63
3132,MG-18145,134
3133,MG-18145,303
3134,MG-18205,134
3135,MH-17290,2
3136,MH-17290,12
3137,MH-17290,329
3138,MH-17290,448
3139,MH-17290,142
3140,MH-17440,46
3141,MH-17440,130
3142,MH-17440,67
3143,MH-17440,247
3144,MH-17455,223
3145,MH-17455,468
3146,MH-17455,73
3147,MH-17455,12
3148,MH-17455,165
3149,MH-17455,4
3150,MH-17455,40
3151,MH-17455,37
3152,MH-17620,95
3153,MH-17620,189
3154,MH-17620,94
3155,MH-17620,17
3156,MH-17785,141
3157,MH-17785,189
3158,MH-17785,46
3159,MH-17785,277
3160,MH-17785,339
3161,MH-17785,60
3162,MH-18025,61
3163,MH-18025,37
3164,MH-18025,251
3165,MH-18025,366
3166,MH-18025,300
3167,MH-18115,182
3168,MH-18115,31
3169,MH-18115,426
3170,MH-18115,404
3171,MH-18115,365
3172,MH-18115,232
3173,MH-18115,113
3174,MH-18115,607
3175,MH-18115,12
3176,MJ-17740,61
3177,MJ-17740,404
3178,MJ-17740,84
3179,MJ-17740,329
3180,MJ-17740,12
3181,MJ-17740,13
3182,MJ-17740,89
3183,MK-17905,114
3184,MK-17905,124
3185,MK-17905,128
3186,MK-17905,156
3187,MK-17905,134
3188,MK-17905,229
3189,MK-17905,89
3190,MK-17905,57
3191,MK-18160,134
3192,MK-18160,35
3193,MK-18160,390
3194,ML-17395,142
3195,ML-17395,189
3196,ML-17395,101
3197,ML-17395,63
3198,ML-17395,64
3199,ML-17395,109
3200,ML-17395,35
3201,ML-17395,372
3202,ML-17395,6
3203,ML-17410,70
3204,ML-17410,106
3205,ML-17410,52
3206,ML-17410,135
3207,ML-17410,156
3208,ML-17410,142
3209,ML-17755,304
3210,ML-17755,37
3211,ML-17755,331
3212,ML-17755,158
3213,ML-17755,214
3214,ML-17755,606
3215,ML-17755,353
3216,ML-18040,384
3217,ML-18040,435
3218,ML-18040,166
3219,ML-18265,6
3220,ML-18265,307
3221,MM-17260,50
3222,MM-17260,132
3223,MM-17260,60
3224,MM-17260,48
3225,MM-17920,95
3226,MM-17920,165
3227,MM-17920,10
3228,MM-17920,358
3229,MM-17920,75
3230,MM-17920,239
3231,MM-17920,29
3232,MM-17920,338
3233,MM-17920,499
3234,MM-17920,56
3235,MM-17920,37
3236,MM-18055,61
3237,MM-18055,27
3238,MM-18055,165
3239,MM-18055,24
3240,MM-18055,37
3241,MM-18055,43
3242,MM-18055,151
3243,MM-18055,95
3244,MM-18280,117
3245,MM-18280,113
3246,MM-18280,46
3247,MM-18280,6
3248,MM-18280,30
3249,MM-18280,298
3250,MM-18280,24
3251,MM-18280,14
3252,MM-18280,399
3253,MN-17935,78
3254,MN-17935,235
3255,MN-17935,32
3256,MN-17935,295
3257,MN-17935,30
3258,MN-17935,158
3259,MO-17500,46
3260,MO-17500,266
3261,MO-17500,486
3262,MO-17500,37
3263,MO-17800,30
3264,MO-17800,156
3265,MO-17800,2
3266,MO-17800,24
3267,MO-17800,66
3268,MO-17800,237
3269,MO-17800,12
3270,MO-17800,322
3271,MO-17950,78
3272,MO-17950,223
3273,MP-17470,46
3274,MP-17470,30
3275,MP-17470,48
3276,MP-17470,351
3277,MP-17470,231
3278,MP-17470,270
3279,MP-17965,129
3280,MP-17965,186
3281,MP-17965,123
3282,MP-17965,413
3283,MP-17965,455
3284,MP-17965,49
3285,MP-17965,165
3286,MP-17965,265
3287,MP-17965,479
3288,MP-18175,288
3289,MP-18175,202
3290,MP-18175,143
3291,MP-18175,30
3292,MP-18175,95
3293,MP-18175,331
3294,MP-18175,413
3295,MP-18175,37
3296,MP-18175,158
3297,MR-17545,12
3298,MR-17545,24
3299,MR-17545,15
3300,MR-17545,6
3301,MS-17365,84
3302,MS-17365,220
3303,MS-17365,52
3304,MS-17365,95
3305,MS-17365,46
3306,MS-17365,513
3307,MS-17365,65
3308,MS-17365,156
3309,MS-17365,249
3310,MS-17365,63
3311,MS-17530,89
3312,MS-17530,324
3313,MS-17530,552
3314,MS-17530,60
3315,MS-17710,155
3316,MS-17710,7
3317,MS-17710,186
3318,MS-17710,342
3319,MS-17710,254
3320,MS-17710,393
3321,MS-17770,46
3322,MS-17770,48
3323,MS-17770,60
3324,MS-17770,67
3325,MS-17770,208
3326,MS-17770,145
3327,MS-17770,196
3328,MS-17770,10
3329,MS-17830,162
3330,MS-17830,2
3331,MS-17830,145
3332,MS-17830,309
3333,MS-17980,78
3334,MS-17980,17
3335,MS-17980,335
3336,MS-17980,15
3337,MS-17980,30
3338,MS-17980,64
3339,MT-17815,58
3340,MT-17815,130
3341,MT-17815,484
3342,MT-17815,30
3343,MT-17815,95
3344,MT-17815,165
3345,MT-18070,63
3346,MT-18070,17
3347,MT-18070,66
3348,MT-18070,313
3349,MV-17485,102
3350,MV-17485,155
3351,MV-17485,14
3352,MV-17485,61
3353,MV-17485,165
3354,MV-17485,17
3355,MV-17485,544
3356,MV-18190,30
3357,MV-18190,315
3358,MV-18190,67
3359,MV-18190,46
3360,MV-18190,152
3361,MV-18190,63
3362,MV-18190,343
3363,MW-18220,46
3364,MW-18220,12
3365,MW-18220,6
3366,MW-18220,404
3367,MW-18220,165
3368,MW-18220,624
3369,MW-18235,221
3370,MW-18235,35
3371,MY-17380,148
3372,MY-17380,165
3373,MY-17380,350
3374,MY-17380,63
3375,MY-17380,66
3376,MY-17380,37
3377,MY-17380,32
3378,MY-18295,296
3379,MY-18295,309
3380,MY-18295,286
3381,MY-18295,48
3382,MY-18295,12
3383,MY-18295,37
3384,MY-18295,581
3385,MY-18295,202
3386,MY-18295,36
3387,MY-18295,67
3388,MY-18295,617
3389,MZ-17335,143
3390,MZ-17335,60
3391,MZ-17335,10
3392,MZ-17335,52
3393,MZ-17515,72
3394,MZ-17515,333
3395,MZ-17515,175
3396,MZ-17515,142
3397,MZ-17515,165
3398,MZ-17515,61
3399,NB-18580,64
3400,NB-18580,193
3401,NB-18655,163
3402,NB-18655,134
3403,NB-18655,64
3404,NB-18655,10
3405,NB-18655,106
3406,NB-18655,165
3407,NB-18655,202
3408,NB-18655,395
3409,NB-18655,336
3410,NC-18340,243
3411,NC-18340,46
3412,NC-18340,491
3413,NC-18340,67
3414,NC-18340,422
3415,NC-18415,223
3416,NC-18415,232
3417,NC-18415,248
3418,NC-18415,15
3419,NC-18415,561
3420,NC-18415,7
3421,NC-18535,163
3422,NC-18535,95
3423,NC-18535,60
3424,NC-18535,52
3425,NC-18535,274
3426,NC-18535,35
3427,NC-18535,498
3428,NC-18625,43
3429,NC-18625,15
3430,NC-18625,163
3431,NC-18625,357
3432,NC-18625,135
3433,ND-18370,176
3434,ND-18370,46
3435,ND-18370,41
3436,ND-18370,423
3437,ND-18370,15
3438,ND-18370,134
3439,ND-18370,95
3440,ND-18370,277
3441,ND-18370,256
3442,ND-18460,258
3443,ND-18460,338
3444,ND-18460,134
3445,ND-18460,185
3446,ND-18460,365
3447,ND-18460,524
3448,NF-18385,130
3449,NF-18385,68
3450,NF-18385,56
3451,NF-18385,338
3452,NF-18385,466
3453,NF-18385,596
3454,NF-18385,44
3455,NF-18475,229
3456,NF-18475,245
3457,NF-18475,134
3458,NF-18475,199
3459,NF-18595,30
3460,NF-18595,27
3461,NF-18595,60
3462,NF-18595,59
3463,NF-18595,550
3464,NF-18595,404
3465,NG-18355,165
3466,NG-18355,250
3467,NG-18355,56
3468,NG-18355,70
3469,NG-18355,31
3470,NG-18430,94
3471,NG-18430,111
3472,NG-18430,337
3473,NG-18430,117
3474,NG-18430,142
3475,NH-18610,275
3476,NH-18610,283
3477,NH-18610,237
3478,NH-18610,84
3479,NH-18610,113
3480,NH-18610,534
3481,NH-18610,75
3482,NK-18490,60
3483,NK-18490,35
3484,NK-18490,263
3485,NK-18490,95
3486,NK-18490,414
3487,NK-18490,12
3488,NL-18310,63
3489,NL-18310,503
3490,NL-18310,14
3491,NL-18310,95
3492,NM-18445,24
3493,NM-18445,478
3494,NM-18445,138
3495,NM-18445,152
3496,NM-18445,165
3497,NM-18445,284
3498,NM-18445,10
3499,NM-18520,216
3500,NM-18520,67
3501,NM-18520,60
3502,NM-18520,27
3503,NM-18520,114
3504,NM-18520,393
3505,NM-18520,521
3506,NM-18520,63
3507,NM-18520,140
3508,NM-18520,165
3509,NP-18325,181
3510,NP-18325,189
3511,NP-18325,24
3512,NP-18325,143
3513,NP-18325,233
3514,NP-18325,35
3515,NP-18670,62
3516,NP-18670,52
3517,NP-18670,60
3518,NP-18670,359
3519,NP-18670,101
3520,NP-18685,278
3521,NP-18685,10
3522,NP-18685,305
3523,NP-18685,120
3524,NP-18685,576
3525,NP-18685,272
3526,NP-18700,254
3527,NP-18700,10
3528,NP-18700,393
3529,NP-18700,77
3530,NP-18700,37
3531,NP-18700,60
3532,NP-18700,24
3533,NR-18550,174
3534,NR-18550,459
3535,NR-18550,119
3536,NR-18550,140
3537,NR-18550,348
3538,NS-18505,163
3539,NS-18505,59
3540,NS-18505,78
3541,NS-18505,12
3542,NS-18640,27
3543,NS-18640,14
3544,NS-18640,481
3545,NS-18640,66
3546,NS-18640,48
3547,NS-18640,10
3548,NS-18640,309
3549,NS-18640,17
3550,NS-18640,416
3551,NS-18640,223
3552,NS-18640,65
3553,NS-18640,30
3554,NW-18400,301
3555,NW-18400,75
3556,NW-18400,122
3557,NW-18400,273
3558,NW-18400,24
3559,NW-18400,565
3560,NW-18400,41
3561,NZ-18565,48
3562,NZ-18565,95
3563,NZ-18565,430
3564,NZ-18565,214
3565,NZ-18565,512
3566,NZ-18565,33
3567,NZ-18565,335
3568,NZ-18565,4
3569,NZ-18565,61
3570,ON-18715,20
3571,ON-18715,75
3572,ON-18715,183
3573,ON-18715,442
3574,ON-18715,287
3575,ON-18715,77
3576,ON-18715,15
3577,ON-18715,235
3578,ON-18715,180
3579,OT-18730,63
3580,OT-18730,189
3581,OT-18730,221
3582,OT-18730,152
3583,OT-18730,530
3584,PA-19060,45
3585,PA-19060,239
3586,PA-19060,425
3587,PA-19060,230
3588,PA-19060,78
3589,PA-19060,35
3590,PB-18805,364
3591,PB-18805,35
3592,PB-18805,61
3593,PB-19105,190
3594,PB-19105,15
3595,PB-19105,270
3596,PB-19105,12
3597,PB-19150,26
3598,PB-19150,64
3599,PB-19150,52
3600,PB-19150,329
3601,PB-19150,30
3602,PB-19150,61
3603,PB-19150,510
3604,PB-19210,313
3605,PB-19210,64
3606,PC-18745,35
3607,PC-18745,291
3608,PC-18745,74
3609,PC-18745,523
3610,PC-19000,26
3611,PC-19000,524
3612,PF-19120,28
3613,PF-19120,127
3614,PF-19120,66
3615,PF-19120,46
3616,PF-19165,51
3617,PF-19165,225
3618,PF-19165,189
3619,PF-19165,46
3620,PF-19165,495
3621,PF-19165,233
3622,PF-19225,35
3623,PF-19225,4
3624,PF-19225,63
3625,PF-19225,200
3626,PF-19225,149
3627,PG-18820,95
3628,PG-18820,252
3629,PG-18820,30
3630,PG-18820,277
3631,PG-18820,270
3632,PG-18820,411
3633,PG-18820,297
3634,PG-18820,165
3635,PG-18820,176
3636,PG-18820,189
3637,PG-18820,199
3638,PG-18820,177
3639,PG-18895,39
3640,PG-18895,93
3641,PG-18895,7
3642,PG-18895,35
3643,PG-18895,46
3644,PG-18895,10
3645,PG-18895,29
3646,PG-18895,142
3647,PG-18895,196
3648,PH-18790,153
3649,PJ-18835,109
3650,PJ-18835,46
3651,PJ-18835,29
3652,PJ-18835,127
3653,PJ-18835,229
3654,PJ-18835,61
3655,PJ-18835,35
3656,PJ-18835,163
3657,PJ-19015,201
3658,PJ-19015,273
3659,PJ-19015,124
3660,PJ-19015,48
3661,PJ-19015,256
3662,PJ-19015,24
3663,PK-18910,106
3664,PK-18910,10
3665,PK-19075,8
3666,PK-19075,84
3667,PK-19075,48
3668,PK-19075,95
3669,PK-19075,38
3670,PK-19075,202
3671,PK-19075,286
3672,PK-19075,35
3673,PK-19075,431
3674,PK-19075,165
3675,PK-19075,396
3676,PK-19075,46
3677,PL-18925,27
3678,PL-18925,106
3679,PL-18925,12
3680,PL-18925,61
3681,PL-18925,14
3682,PM-18940,31
3683,PM-18940,575
3684,PM-18940,29
3685,PM-19135,84
3686,PM-19135,66
3687,PM-19135,356
3688,PM-19135,134
3689,PN-18775,30
3690,PN-18775,165
3691,PN-18775,38
3692,PN-18775,124
3693,PN-18775,411
3694,PN-18775,396
3695,PN-18775,199
3696,PN-18775,379
3697,PO-18850,106
3698,PO-18850,224
3699,PO-18850,395
3700,PO-18850,187
3701,PO-18850,134
3702,PO-18850,221
3703,PO-18850,275
3704,PO-18850,10
3705,PO-18850,142
3706,PO-18850,610
3707,PO-18850,17
3708,PO-18865,21
3709,PO-18865,38
3710,PO-18865,30
3711,PO-18865,2
3712,PO-18865,305
3713,PO-18865,615
3714,PO-18865,621
3715,PO-19180,37
3716,PO-19180,165
3717,PO-19180,61
3718,PO-19180,15
3719,PO-19180,531
3720,PO-19180,6
3721,PO-19180,46
3722,PO-19180,310
3723,PO-19180,128
3724,PO-19195,18
3725,PO-19195,165
3726,PO-19195,306
3727,PO-19195,35
3728,PO-19195,12
3729,PP-18955,270
3730,PP-18955,383
3731,PP-18955,158
3732,PP-18955,335
3733,PP-18955,61
3734,PP-18955,2
3735,PP-18955,286
3736,PP-18955,476
3737,PP-18955,30
3738,PP-18955,64
3739,PR-18880,233
3740,PR-18880,105
3741,PR-18880,572
3742,PR-18880,86
3743,PR-18880,10
3744,PS-18760,142
3745,PS-18760,12
3746,PS-18760,295
3747,PS-18760,602
3748,PS-18760,66
3749,PS-18970,27
3750,PS-18970,1
3751,PS-18970,313
3752,PS-18970,235
3753,PS-18970,24
3754,PS-18970,14
3755,PS-18970,60
3756,PS-18970,52
3757,PS-19045,44
3758,PS-19045,246
3759,PS-19045,4
3760,PS-19045,424
3761,PS-19045,508
3762,PS-19045,219
3763,PS-19045,165
3764,PT-19090,33
3765,PT-19090,66
3766,PT-19090,134
3767,PT-19090,37
3768,PV-18985,35
3769,PV-18985,202
3770,PV-18985,2
3771,PV-18985,566
3772,PV-18985,517
3773,PW-19030,127
3774,PW-19030,30
3775,PW-19030,2
3776,PW-19030,499
3777,PW-19030,412
3778,PW-19030,291
3779,PW-19030,60
3780,PW-19030,606
3781,PW-19030,14
3782,PW-19240,128
3783,PW-19240,67
3784,PW-19240,12
3785,PW-19240,516
3786,PW-19240,210
3787,PW-19240,95
3788,PW-19240,50
3789,QJ-19255,42
3790,QJ-19255,106
3791,QJ-19255,371
3792,QJ-19255,30
3793,QJ-19255,29
3794,QJ-19255,156
3795,QJ-19255,64
3796,QJ-19255,152
3797,RA-19285,46
3798,RA-19285,24
3799,RA-19285,121
3800,RA-19285,33
3801,RA-19285,26
3802,RA-19285,75
3803,RA-19285,153
3804,RA-19285,89
3805,RA-19285,239
3806,RA-19885,14
3807,RA-19885,215
3808,RA-19885,113
3809,RA-19885,134
3810,RA-19885,34
3811,RA-19885,10
3812,RA-19885,507
3813,RA-19915,15
3814,RA-19915,77
3815,RA-19915,236
3816,RA-19915,78
3817,RA-19915,165
3818,RA-19915,156
3819,RA-19915,113
3820,RA-19915,419
3821,RA-19915,135
3822,RA-19945,222
3823,RA-19945,329
3824,RA-19945,163
3825,RA-19945,574
3826,RA-19945,178
3827,RB-19330,106
3828,RB-19330,111
3829,RB-19360,136
3830,RB-19360,376
3831,RB-19360,94
3832,RB-19360,396
3833,RB-19360,35
3834,RB-19360,61
3835,RB-19435,359
3836,RB-19435,33
3837,RB-19435,189
3838,RB-19435,29
3839,RB-19435,26
3840,RB-19435,53
3841,RB-19435,48
3842,RB-19435,171
3843,RB-19465,27
3844,RB-19465,168
3845,RB-19465,11
3846,RB-19465,106
3847,RB-19465,6
3848,RB-19465,313
3849,RB-19465,24
3850,RB-19465,2
3851,RB-19465,546
3852,RB-19465,395
3853,RB-19465,84
3854,RB-19465,156
3855,RB-19570,135
3856,RB-19570,223
3857,RB-19570,60
3858,RB-19570,27
3859,RB-19570,587
3860,RB-19645,284
3861,RB-19645,427
3862,RB-19645,32
3863,RB-19645,4
3864,RB-19645,149
3865,RB-19705,41
3866,RB-19705,30
3867,RB-19705,33
3868,RB-19705,46
3869,RB-19795,133
3870,RB-19795,75
3871,RB-19795,106
3872,RB-19795,44
3873,RB-19795,95
3874,RB-19795,375
3875,RB-19795,77
3876,RB-19795,2
3877,RC-19825,27
3878,RC-19825,176
3879,RC-19825,213
3880,RC-19825,55
3881,RC-19825,70
3882,RC-19825,98
3883,RC-19960,48
3884,RC-19960,134
3885,RC-19960,331
3886,RC-19960,309
3887,RC-19960,17
3888,RC-19960,438
3889,RD-19480,225
3890,RD-19480,15
3891,RD-19480,239
3892,RD-19480,392
3893,RD-19480,189
3894,RD-19480,35
3895,RD-19480,122
3896,RD-19480,256
3897,RD-19585,1
3898,RD-19585,303
3899,RD-19585,186
3900,RD-19585,441
3901,RD-19585,507
3902,RD-19585,26
3903,RD-19585,165
3904,RD-19585,446
3905,RD-19585,142
3906,RD-19585,551
3907,RD-19660,228
3908,RD-19660,54
3909,RD-19660,233
3910,RD-19660,64
3911,RD-19660,6
3912,RD-19720,488
3913,RD-19720,24
3914,RD-19720,378
3915,RD-19720,27
3916,RD-19720,60
3917,RD-19720,35
3918,RD-19720,52
3919,RD-19720,597
3920,RD-19720,265
3921,RD-19720,64
3922,RD-19810,63
3923,RD-19810,145
3924,RD-19810,46
3925,RD-19810,127
3926,RD-19810,27
3927,RD-19810,76
3928,RD-19810,33
3929,RD-19810,307
3930,RD-19900,65
3931,RD-19900,41
3932,RD-19900,89
3933,RD-19900,381
3934,RD-19900,464
3935,RD-19900,10
3936,RD-19900,293
3937,RD-19900,75
3938,RD-19900,447
3939,RD-19930,111
3940,RD-19930,4
3941,RD-19930,37
3942,RD-19930,163
3943,RE-19405,362
3944,RE-19450,177
3945,RE-19450,136
3946,RE-19450,425
3947,RE-19450,233
3948,RE-19450,68
3949,RF-19345,356
3950,RF-19345,124
3951,RF-19345,511
3952,RF-19345,52
3953,RF-19345,24
3954,RF-19345,27
3955,RF-19345,416
3956,RF-19345,600
3957,RF-19735,191
3958,RF-19735,59
3959,RF-19735,38
3960,RF-19735,27
3961,RF-19735,24
3962,RF-19735,337
3963,RF-19735,189
3964,RF-19840,24
3965,RF-19840,113
3966,RF-19840,66
3967,RF-19840,48
3968,RF-19840,55
3969,RF-19840,338
3970,RF-19840,29
3971,RF-19840,46
3972,RH-19495,39
3973,RH-19495,24
3974,RH-19495,77
3975,RH-19495,30
3976,RH-19495,416
3977,RH-19510,260
3978,RH-19510,268
3979,RH-19510,460
3980,RH-19510,95
3981,RH-19510,63
3982,RH-19510,89
3983,RH-19555,395
3984,RH-19555,44
3985,RH-19600,365
3986,RH-19600,450
3987,RH-19600,498
3988,RK-19300,12
3989,RK-19300,319
3990,RK-19300,145
3991,RL-19615,154
3992,RL-19615,307
3993,RL-19615,27
3994,RL-19615,75
3995,RL-19615,37
3996,RL-19615,14
3997,RL-19615,63
3998,RL-19615,142
3999,RM-19375,15
4000,RM-19375,59
4001,RM-19375,317
4002,RM-19375,113
4003,RM-19375,315
4004,RM-19375,371
4005,RM-19675,69
4006,RM-19675,165
4007,RM-19675,14
4008,RM-19675,142
4009,RM-19675,566
4010,RM-19750,165
4011,RO-19780,32
4012,RO-19780,379
4013,RO-19780,61
4014,RO-19780,102
4015,RO-19780,95
4016,RO-19780,33
4017,RO-19780,37
4018,RP-19270,216
4019,RP-19270,61
4020,RP-19270,95
4021,RP-19270,15
4022,RP-19390,178
4023,RP-19390,17
4024,RP-19390,8
4025,RP-19390,309
4026,RP-19390,70
4027,RP-19390,165
4028,RP-19390,30
4029,RP-19390,462
4030,RP-19390,6
4031,RP-19390,75
4032,RP-19390,46
4033,RP-19390,52
4034,RP-19855,310
4035,RP-19855,332
4036,RP-19855,378
4037,RP-19855,6
4038,RP-19855,15
4039,RP-19855,533
4040,RP-19855,4
4041,RP-19855,127
4042,RR-19315,95
4043,RR-19315,174
4044,RR-19525,112
4045,RR-19525,214
4046,RR-19525,440
4047,RR-19525,396
4048,RR-19525,46
4049,RR-19525,183
4050,RS-19420,61
4051,RS-19420,70
4052,RS-19420,317
4053,RS-19420,2
4054,RS-19420,304
4055,RS-19765,185
4056,RS-19765,401
4057,RS-19765,63
4058,RS-19765,38
4059,RS-19765,369
4060,RS-19765,142
4061,RS-19765,44
4062,RS-19765,527
4063,RS-19870,224
4064,RS-19870,75
4065,RW-19540,155
4066,RW-19540,142
4067,RW-19540,152
4068,RW-19540,91
4069,RW-19540,14
4070,RW-19540,6
4071,RW-19630,78
4072,RW-19630,217
4073,RW-19630,340
4074,RW-19630,60
4075,RW-19630,152
4076,RW-19630,46
4077,RW-19630,440
4078,RW-19630,27
4079,RW-19630,35
4080,RW-19690,125
4081,RW-19690,335
4082,RW-19690,378
4083,RW-19690,64
4084,RW-19690,14
4085,SA-20830,27
4086,SA-20830,196
4087,SA-20830,134
4088,SA-20830,314
4089,SA-20830,156
4090,SA-20830,254
4091,SA-20830,59
4092,SA-20830,521
4093,SA-20830,488
4094,SA-20830,290
4095,SB-20170,46
4096,SB-20170,37
4097,SB-20170,4
4098,SB-20185,209
4099,SB-20185,190
4100,SB-20185,63
4101,SB-20185,156
4102,SB-20185,299
4103,SB-20185,24
4104,SB-20290,67
4105,SB-20290,64
4106,SB-20290,330
4107,SB-20290,158
4108,SB-20290,1
4109,SB-20290,362
4110,SB-20290,143
4111,SC-20020,303
4112,SC-20020,375
4113,SC-20020,15
4114,SC-20020,12
4115,SC-20050,212
4116,SC-20050,339
4117,SC-20050,31
4118,SC-20050,1
4119,SC-20050,63
4120,SC-20050,543
4121,SC-20050,590
4122,SC-20050,175
4123,SC-20050,187
4124,SC-20095,138
4125,SC-20095,147
4126,SC-20095,26
4127,SC-20095,9
4128,SC-20095,360
4129,SC-20095,40
4130,SC-20095,494
4131,SC-20095,146
4132,SC-20095,63
4133,SC-20230,175
4134,SC-20230,112
4135,SC-20230,26
4136,SC-20230,60
4137,SC-20260,35
4138,SC-20260,61
4139,SC-20260,129
4140,SC-20260,134
4141,SC-20260,175
4142,SC-20260,30
4143,SC-20260,414
4144,SC-20260,95
4145,SC-20305,170
4146,SC-20305,453
4147,SC-20305,37
4148,SC-20305,59
4149,SC-20305,12
4150,SC-20305,2
4151,SC-20305,582
4152,SC-20380,61
4153,SC-20380,149
4154,SC-20380,119
4155,SC-20380,180
4156,SC-20380,70
4157,SC-20380,46
4158,SC-20380,295
4159,SC-20380,15
4160,SC-20380,481
4161,SC-20440,43
4162,SC-20440,274
4163,SC-20440,208
4164,SC-20440,12
4165,SC-20440,30
4166,SC-20440,4
4167,SC-20575,392
4168,SC-20575,156
4169,SC-20575,329
4170,SC-20575,2
4171,SC-20575,482
4172,SC-20680,113
4173,SC-20680,474
4174,SC-20680,545
4175,SC-20680,61
4176,SC-20680,95
4177,SC-20680,60
4178,SC-20695,187
4179,SC-20695,84
4180,SC-20695,239
4181,SC-20695,500
4182,SC-20695,3
4183,SC-20695,528
4184,SC-20695,359
4185,SC-20695,17
4186,SC-20695,158
4187,SC-20725,50
4188,SC-20725,33
4189,SC-20725,61
4190,SC-20725,208
4191,SC-20725,72
4192,SC-20725,2
4193,SC-20725,24
4194,SC-20725,63
4195,SC-20725,35
4196,SC-20725,346
4197,SC-20770,34
4198,SC-20770,177
4199,SC-20770,142
4200,SC-20770,35
4201,SC-20770,66
4202,SC-20770,64
4203,SC-20800,17
4204,SC-20800,2
4205,SC-20800,130
4206,SC-20800,466
4207,SC-20845,622
4208,SC-20845,128
4209,SD-20485,132
4210,SD-20485,106
4211,SD-20485,156
4212,SD-20485,213
4213,SD-20485,417
4214,SD-20485,17
4215,SD-20485,472
4216,SD-20485,52
4217,SD-20485,375
4218,SE-20110,30
4219,SE-20110,400
4220,SE-20110,147
4221,SE-20110,78
4222,SE-20110,77
4223,SE-20110,501
4224,SE-20110,6
4225,SE-20110,331
4226,SE-20110,59
4227,SE-20110,102
4228,SE-20110,570
4229,SF-20065,12
4230,SF-20065,125
4231,SF-20065,578
4232,SF-20065,598
4233,SF-20065,290
4234,SF-20065,78
4235,SF-20065,283
4236,SF-20200,160
4237,SF-20200,106
4238,SF-20200,374
4239,SF-20200,397
4240,SF-20200,239
4241,SF-20200,409
4242,SF-20200,6
4243,SF-20200,30
4244,SF-20200,155
4245,SF-20965,166
4246,SF-20965,17
4247,SF-20965,48
4248,SF-20965,467
4249,SF-20965,472
4250,SF-20965,50
4251,SF-20965,143
4252,SF-20965,64
4253,SF-20965,10
4254,SG-20080,54
4255,SG-20080,72
4256,SG-20080,60
4257,SG-20470,165
4258,SG-20470,330
4259,SG-20470,428
4260,SG-20470,10
4261,SG-20470,576
4262,SG-20470,149
4263,SG-20470,249
4264,SG-20470,24
4265,SG-20605,30
4266,SG-20605,10
4267,SG-20605,197
4268,SG-20605,37
4269,SG-20605,378
4270,SG-20890,479
4271,SG-20890,30
4272,SG-20890,140
4273,SH-19975,35
4274,SH-19975,108
4275,SH-19975,436
4276,SH-19975,298
4277,SH-19975,77
4278,SH-19975,165
4279,SH-19975,10
4280,SH-19975,177
4281,SH-19975,555
4282,SH-19975,6
4283,SH-19975,60
4284,SH-19975,27
4285,SH-19975,202
4286,SH-20395,102
4287,SH-20395,158
4288,SH-20395,24
4289,SH-20395,214
4290,SH-20395,46
4291,SH-20395,145
4292,SH-20395,223
4293,SH-20395,165
4294,SH-20395,35
4295,SH-20395,244
4296,SH-20635,281
4297,SH-20635,380
4298,SJ-20125,207
4299,SJ-20125,27
4300,SJ-20125,6
4301,SJ-20125,465
4302,SJ-20125,475
4303,SJ-20125,107
4304,SJ-20125,60
4305,SJ-20125,67
4306,SJ-20125,79
4307,SJ-20125,163
4308,SJ-20125,130
4309,SJ-20125,30
4310,SJ-20215,71
4311,SJ-20215,14
4312,SJ-20215,117
4313,SJ-20215,55
4314,SJ-20215,156
4315,SJ-20215,85
4316,SJ-20500,67
4317,SJ-20500,448
4318,SJ-20500,70
4319,SJ-20500,286
4320,SJ-20500,35
4321,SK-19990,70
4322,SK-19990,24
4323,SK-19990,214
4324,SL-20155,134
4325,SL-20155,15
4326,SL-20155,316
4327,SL-20155,36
4328,SL-20155,161
4329,SL-20155,165
4330,SL-20155,24
4331,SM-20005,30
4332,SM-20005,46
4333,SM-20005,58
4334,SM-20005,17
4335,SM-20320,234
4336,SM-20320,378
4337,SM-20320,134
4338,SM-20320,14
4339,SM-20320,285
4340,SM-20905,56
4341,SM-20950,255
4342,SM-20950,433
4343,SM-20950,165
4344,SM-20950,64
4345,SM-20950,199
4346,SM-20950,27
4347,SM-20950,46
4348,SM-20950,2
4349,SM-20950,26
4350,SM-20950,334
4351,SM-20950,70
4352,SM-20950,30
4353,SN-20560,142
4354,SN-20560,346
4355,SN-20560,156
4356,SN-20560,10
4357,SN-20560,528
4358,SN-20560,336
4359,SN-20710,17
4360,SN-20710,229
4361,SN-20710,130
4362,SN-20710,90
4363,SN-20710,473
4364,SN-20710,14
4365,SN-20710,26
4366,SO-20335,3
4367,SO-20335,420
4368,SO-20335,85
4369,SO-20335,2
4370,SO-20335,60
4371,SO-20335,609
4372,SP-20545,165
4373,SP-20545,37
4374,SP-20545,185
4375,SP-20545,106
4376,SP-20545,24
4377,SP-20545,157
4378,SP-20620,64
4379,SP-20620,63
4380,SP-20620,165
4381,SP-20620,162
4382,SP-20620,86
4383,SP-20620,95
4384,SP-20620,256
4385,SP-20620,98
4386,SP-20620,251
4387,SP-20650,59
4388,SP-20650,125
4389,SP-20650,559
4390,SP-20650,30
4391,SP-20650,353
4392,SP-20650,37
4393,SP-20650,76
4394,SP-20650,31
4395,SP-20650,199
4396,SP-20860,106
4397,SP-20860,63
4398,SP-20860,2
4399,SP-20860,39
4400,SP-20860,134
4401,SP-20860,356
4402,SP-20860,37
4403,SP-20860,163
4404,SP-20860,64
4405,SP-20860,109
4406,SP-20920,2
4407,SP-20920,156
4408,SP-20920,272
4409,SP-20920,10
4410,SP-20920,48
4411,SP-20920,627
4412,SR-20425,128
4413,SR-20425,152
4414,SR-20425,520
4415,SR-20425,46
4416,SR-20425,158
4417,SR-20740,24
4418,SR-20740,6
4419,SR-20740,464
4420,SR-20740,14
4421,SR-20740,177
4422,SR-20740,102
4423,SS-20140,123
4424,SS-20140,412
4425,SS-20140,352
4426,SS-20140,515
4427,SS-20140,557
4428,SS-20140,2
4429,SS-20140,113
4430,SS-20140,6
4431,SS-20410,142
4432,SS-20410,547
4433,SS-20410,149
4434,SS-20410,75
4435,SS-20410,522
4436,SS-20410,623
4437,SS-20515,176
4438,SS-20515,57
4439,SS-20515,286
4440,SS-20590,61
4441,SS-20590,8
4442,SS-20590,478
4443,SS-20590,35
4444,SS-20590,540
4445,SS-20590,10
4446,SS-20875,78
4447,SS-20875,487
4448,SS-20875,369
4449,SS-20875,344
4450,SS-20875,124
4451,ST-20530,272
4452,ST-20530,258
4453,ST-20530,46
4454,ST-20530,384
4455,ST-20530,15
4456,ST-20530,12
4457,ST-20530,455
4458,SU-20665,130
4459,SU-20665,255
4460,SU-20665,27
4461,SU-20665,542
4462,SU-20665,156
4463,SU-20665,30
4464,SU-20665,6
4465,SV-20365,22
4466,SV-20365,300
4467,SV-20365,178
4468,SV-20365,48
4469,SV-20365,33
4470,SV-20365,46
4471,SV-20365,64
4472,SV-20365,14
4473,SV-20365,413
4474,SV-20365,12
4475,SV-20785,261
4476,SV-20785,237
4477,SV-20785,12
4478,SV-20785,371
4479,SV-20785,309
4480,SV-20785,134
4481,SV-20785,201
4482,SV-20785,63
4483,SV-20785,464
4484,SV-20815,17
4485,SV-20815,305
4486,SV-20815,13
4487,SV-20815,230
4488,SV-20935,30
4489,SV-20935,324
4490,SV-20935,188
4491,SV-20935,163
4492,SV-20935,155
4493,SV-20935,48
4494,SV-20935,384
4495,SV-20935,346
4496,SW-20245,353
4497,SW-20245,12
4498,SW-20245,158
4499,SW-20245,25
4500,SW-20245,255
4501,SW-20245,2
4502,SW-20245,174
4503,SW-20275,130
4504,SW-20275,248
4505,SW-20275,46
4506,SW-20275,189
4507,SW-20275,61
4508,SW-20275,30
4509,SW-20350,84
4510,SW-20350,199
4511,SW-20350,178
4512,SW-20455,304
4513,SW-20455,86
4514,SW-20455,10
4515,SW-20455,143
4516,SW-20455,6
4517,SW-20455,145
4518,SW-20455,300
4519,SW-20755,30
4520,SW-20755,61
4521,SZ-20035,267
4522,SZ-20035,71
4523,SZ-20035,404
4524,SZ-20035,131
4525,SZ-20035,165
4526,SZ-20035,67
4527,SZ-20035,35
4528,SZ-20035,46
4529,SZ-20035,587
4530,SZ-20035,60
4531,SZ-20035,135
4532,TA-21385,24
4533,TA-21385,311
4534,TA-21385,156
4535,TA-21385,46
4536,TB-21055,25
4537,TB-21055,360
4538,TB-21055,317
4539,TB-21055,333
4540,TB-21055,324
4541,TB-21175,17
4542,TB-21175,46
4543,TB-21175,1
4544,TB-21175,576
4545,TB-21190,146
4546,TB-21190,165
4547,TB-21190,216
4548,TB-21190,63
4549,TB-21250,24
4550,TB-21250,14
4551,TB-21250,161
4552,TB-21250,111
4553,TB-21250,6
4554,TB-21250,51
4555,TB-21280,226
4556,TB-21280,223
4557,TB-21280,137
4558,TB-21280,24
4559,TB-21280,30
4560,TB-21280,52
4561,TB-21355,30
4562,TB-21355,171
4563,TB-21355,495
4564,TB-21355,539
4565,TB-21355,17
4566,TB-21400,60
4567,TB-21400,313
4568,TB-21400,213
4569,TB-21400,6
4570,TB-21400,24
4571,TB-21400,2
4572,TB-21400,124
4573,TB-21520,12
4574,TB-21520,31
4575,TB-21520,41
4576,TB-21520,209
4577,TB-21520,324
4578,TB-21520,172
4579,TB-21520,582
4580,TB-21520,30
4581,TB-21520,63
4582,TB-21595,135
4583,TB-21595,202
4584,TB-21595,339
4585,TB-21595,158
4586,TB-21595,41
4587,TB-21625,71
4588,TB-21625,95
4589,TB-21625,26
4590,TB-21625,478
4591,TB-21625,30
4592,TB-21625,114
4593,TB-21625,46
4594,TB-21625,64
4595,TB-21625,620
4596,TC-20980,60
4597,TC-20980,17
4598,TC-20980,378
4599,TC-20980,256
4600,TC-20980,34
4601,TC-21145,101
4602,TC-21295,143
4603,TC-21295,46
4604,TC-21295,395
4605,TC-21295,462
4606,TC-21295,537
4607,TC-21295,280
4608,TC-21295,15
4609,TC-21295,290
4610,TC-21475,113
4611,TC-21475,43
4612,TC-21475,61
4613,TC-21475,432
4614,TC-21475,226
4615,TC-21475,509
4616,TC-21475,347
4617,TC-21475,146
4618,TC-21475,377
4619,TC-21535,102
4620,TC-21535,24
4621,TC-21535,48
4622,TC-21535,142
4623,TC-21535,95
4624,TC-21535,14
4625,TC-21535,35
4626,TD-20995,112
4627,TD-20995,117
4628,TD-20995,211
4629,TD-20995,41
4630,TD-20995,89
4631,TD-20995,432
4632,TD-20995,75
4633,TD-20995,165
4634,TD-20995,221
4635,TG-21310,14
4636,TG-21310,46
4637,TG-21310,315
4638,TG-21310,155
4639,TG-21310,120
4640,TG-21640,107
4641,TG-21640,544
4642,TG-21640,586
4643,TG-21640,86
4644,TH-21100,63
4645,TH-21100,89
4646,TH-21100,214
4647,TH-21100,277
4648,TH-21100,271
4649,TH-21115,12
4650,TH-21115,286
4651,TH-21115,260
4652,TH-21115,33
4653,TH-21235,177
4654,TH-21235,64
4655,TH-21235,24
4656,TH-21235,4
4657,TH-21235,107
4658,TH-21235,512
4659,TH-21235,156
4660,TH-21235,14
4661,TH-21550,46
4662,TH-21550,84
4663,TH-21550,134
4664,TH-21550,180
4665,TH-21550,30
4666,TH-21550,210
4667,TH-21550,290
4668,TM-21010,35
4669,TM-21010,13
4670,TM-21010,408
4671,TM-21010,398
4672,TM-21010,130
4673,TM-21010,136
4674,TM-21010,532
4675,TM-21010,606
4676,TM-21490,337
4677,TM-21490,95
4678,TM-21490,232
4679,TN-21040,52
4680,TN-21040,361
4681,TN-21040,30
4682,TN-21040,139
4683,TN-21040,395
4684,TN-21040,143
4685,TN-21040,95
4686,TP-21130,64
4687,TP-21130,84
4688,TP-21130,270
4689,TP-21130,113
4690,TP-21130,522
4691,TP-21130,527
4692,TP-21130,39
4693,TP-21130,18
4694,TP-21130,331
4695,TP-21415,61
4696,TP-21415,33
4697,TP-21415,177
4698,TP-21415,266
4699,TP-21415,64
4700,TP-21565,43
4701,TP-21565,569
4702,TP-21565,71
4703,TP-21565,282
4704,TR-21325,99
4705,TR-21325,259
4706,TR-21325,35
4707,TR-21325,396
4708,TR-21325,6
4709,TS-21085,52
4710,TS-21085,354
4711,TS-21160,214
4712,TS-21160,64
4713,TS-21160,357
4714,TS-21160,113
4715,TS-21160,458
4716,TS-21160,95
4717,TS-21205,104
4718,TS-21205,10
4719,TS-21205,284
4720,TS-21205,197
4721,TS-21205,216
4722,TS-21205,156
4723,TS-21205,396
4724,TS-21340,17
4725,TS-21340,24
4726,TS-21340,2
4727,TS-21340,58
4728,TS-21340,10
4729,TS-21370,46
4730,TS-21370,37
4731,TS-21370,14
4732,TS-21370,52
4733,TS-21370,50
4734,TS-21430,63
4735,TS-21430,337
4736,TS-21430,6
4737,TS-21430,333
4738,TS-21430,189
4739,TS-21505,85
4740,TS-21505,35
4741,TS-21505,536
4742,TS-21505,148
4743,TS-21505,178
4744,TS-21505,209
4745,TS-21610,52
4746,TS-21610,24
4747,TS-21610,106
4748,TS-21610,35
4749,TS-21610,483
4750,TS-21610,158
4751,TS-21610,27
4752,TS-21655,202
4753,TS-21655,350
4754,TS-21655,146
4755,TS-21655,33
4756,TS-21655,295
4757,TT-21070,63
4758,TT-21070,76
4759,TT-21070,338
4760,TT-21070,6
4761,TT-21070,75
4762,TT-21070,429
4763,TT-21070,145
4764,TT-21220,17
4765,TT-21220,10
4766,TT-21220,46
4767,TT-21220,221
4768,TT-21220,459
4769,TT-21220,63
4770,TT-21220,22
4771,TT-21265,63
4772,TT-21265,24
4773,TT-21265,305
4774,TT-21460,174
4775,TT-21460,7
4776,TT-21460,142
4777,TT-21460,15
4778,TT-21460,239
4779,TT-21460,95
4780,TT-21460,44
4781,TW-21025,58
4782,TW-21025,171
4783,TW-21025,327
4784,TW-21025,60
4785,TW-21025,6
4786,TW-21025,155
4787,TW-21025,165
4788,TZ-21580,128
4789,TZ-21580,469
4790,TZ-21580,63
4791,TZ-21580,35
4792,VB-21745,113
4793,VB-21745,127
4794,VB-21745,66
4795,VB-21745,368
4796,VB-21745,145
4797,VB-21745,17
4798,VD-21670,85
4799,VD-21670,130
4800,VD-21670,269
4801,VD-21670,165
4802,VD-21670,250
4803,VD-21670,33
4804,VF-21715,135
4805,VF-21715,63
4806,VF-21715,61
4807,VF-21715,387
4808,VF-21715,10
4809,VG-21790,89
4810,VG-21790,437
4811,VG-21790,10
4812,VG-21790,4
4813,VG-21790,6
4814,VG-21790,134
4815,VG-21805,221
4816,VG-21805,12
4817,VG-21805,239
4818,VG-21805,156
4819,VG-21805,101
4820,VM-21685,74
4821,VM-21685,12
4822,VM-21685,60
4823,VM-21685,195
4824,VM-21685,398
4825,VM-21685,511
4826,VM-21685,371
4827,VM-21835,286
4828,VM-21835,490
4829,VM-21835,557
4830,VM-21835,220
4831,VM-21835,169
4832,VP-21730,122
4833,VP-21730,424
4834,VP-21730,165
4835,VP-21760,10
4836,VP-21760,231
4837,VP-21760,305
4838,VP-21760,85
4839,VP-21760,214
4840,VP-21760,46
4841,VP-21760,48
4842,VS-21820,2
4843,VS-21820,18
4844,VS-21820,144
4845,VS-21820,315
4846,VT-21700,106
4847,VT-21700,33
4848,VW-21775,82
4849,VW-21775,95
4850,VW-21775,293
4851,VW-21775,35
4852,VW-21775,376
4853,VW-21775,4
4854,VW-21775,154
4855,VW-21775,347
4856,VW-21775,165
4857,VW-21775,144
4858,WB-21850,64
4859,WB-21850,138
4860,WB-21850,165
4861,WB-21850,47
4862,WB-21850,63
4863,WB-21850,14
4864,WB-21850,71
4865,WB-21850,314
4866,WB-21850,159
4867,WB-21850,106
4868,WB-21850,630
4869,XP-21865,143
4870,XP-21865,290
4871,XP-21865,27
4872,XP-21865,14
4873,XP-21865,90
4874,XP-21865,4
4875,XP-21865,550
4876,XP-21865,21
4877,XP-21865,99
4878,XP-21865,507
4879,XP-21865,476
4880,YC-21895,95
4881,YC-21895,4
4882,YC-21895,286
4883,YC-21895,163
4884,YC-21895,11
4885,YS-21880,180
4886,YS-21880,233
4887,YS-21880,286
4888,YS-21880,6
4889,YS-21880,113
4890,YS-21880,154
4891,YS-21880,2
4892,YS-21880,108
4893,ZC-21910,161
4894,ZC-21910,200
4895,ZC-21910,230
4896,ZC-21910,17
4897,ZC-21910,63
4898,ZC-21910,283
4899,ZC-21910,15
4900,ZC-21910,43
4901,ZC-21910,135
4902,ZC-21910,27
4903,ZC-21910,174
4904,ZC-21910,24
4905,ZC-21910,449
4906,ZD-21925,10
4907,ZD-21925,429
4908,ZD-21925,134
4909,ZD-21925,239
4910,ZD-21925,2
